78753.200  78717.131  78635.644  78507.156  78330.792  78106.443  77834.819  77517.490  77156.914  76756.450  76320.359  75853.783  75362.713  74853.933  74334.954  73813.923  73299.518  72800.829  72327.223  71888.190  71493.189  71151.472  70871.913  70662.826  70531.787  70485.454  70529.402  70667.956  70904.049  71239.091  71672.858  72203.408  72827.023  73538.174  74329.529  75191.982  76114.721  77085.335  78089.946  79113.383  80139.384  81150.827  82129.994  83058.850  83919.353  84693.767  85364.990  85916.892  86334.638  86605.018  86716.749  86660.762  86430.468  86021.977  85434.292  84669.449  83732.614  82632.125  81379.481  79989.270  78479.040  76869.114  75182.340  73443.795  71680.432  69920.676  68193.986  66530.373  64959.900  63512.151  62215.697  61097.558  60182.676  59493.402  59049.012  58865.271  58954.029  59322.888  59974.927  60908.500  62117.110  63589.374  65309.065  67255.245  69402.489  71721.195  74177.975  76736.129  79356.186  81996.521  84614.015  87164.765  89604.832  91891.003  93981.561  95837.050  97421.021  98700.735  99647.828  100238.906  100456.068  100287.343  99727.031  98775.944  97441.527  95737.876  93685.626  91311.729  88649.112  85736.218  82616.450  79337.505  75950.628  72509.783  69070.767  65690.272  62424.915  59330.258  56459.824  53864.142  51589.823  49678.700  48167.029  47084.793  46455.094  46293.669  46608.524  47399.706  48659.209  50371.028  52511.347  55048.875  57945.317  61155.969  64630.439  68313.471  72145.863  76065.465  80008.234  83909.331  87704.244  91329.902  94725.784  97834.977  100605.182  102989.641  104947.969  106446.878  107460.775  107972.227  107972.282  107460.638  106445.661  104944.248  102981.536  100590.471  97811.224  94690.498  91280.701  87639.027  83826.453  79906.671  75944.966  72007.081  68158.065  64461.147  60976.642  57760.914  54865.415  52335.817  50211.248  48523.660  47297.315  46548.423  46284.920  46506.403  47204.205  48361.622  49954.289  51950.676  54312.717  56996.548  59953.341  63130.216  66471.218  69918.337  73412.552  76894.878  80307.406  83594.299  86702.745  89583.840  92193.384  94492.588  96448.662  98035.294  99233.000  100029.348  100419.045  100403.900  99992.656  99200.699  98049.654  96566.875  94784.841  92740.475  90474.389  88030.086  85453.121  82790.249  80088.562  77394.651  74753.784  72209.138  69801.086  67566.544  65538.410  63745.086  62210.086  60951.760  59983.107  59311.696  58939.688  58863.955  59076.299  59563.745  60308.930  61290.541  62483.832  63861.173  65392.643  67046.642  68790.519  70591.191  72415.758  74232.085  76009.359  77718.596  79333.095  80828.840  82184.832  83383.354  84410.169  85254.640  85909.783  86372.248  86642.234  86723.340  86622.361  86349.032  85915.722  85337.105  84629.786  83811.917  82902.798  81922.474  80891.334  79829.724  78757.576  77694.065  76657.290  75663.998  74729.339  73866.665  73087.376  72400.807  71814.155  71332.461  70958.623  70693.453  70535.771  70482.528  70528.968  70668.795  70894.383  71196.979  71566.931  71993.915  72467.159  72975.670  73508.448  74054.687  74603.967  75146.420  75672.879  76175.012  76645.418  77077.713  77466.586  77807.829  78098.353  78336.169  78520.365  78651.049  78729.288  78757.026  78736.994  78672.610  78567.871  78427.245  
120261.427  120213.351  120104.735  119933.471  119698.391  119399.350  119037.294  118614.316  118133.692  117599.900  117018.619  116396.704  115742.138  115063.966  114372.198  113677.694  112992.022  112327.299  111696.009  111110.803  110584.287  110128.795  109756.157  109477.453  109302.783  109241.021  109299.598  109484.280  109798.976  110245.566  110823.752  111530.945  112362.188  113310.115  114364.949  115514.553  116744.517  118038.297  119377.394  120741.586  122109.196  123457.403  124762.588  126000.714  127147.728  128179.989  129074.704  129810.368  130367.211  130727.621  130876.558  130801.936  130494.969  129950.473  129167.118  128147.618  126898.860  125431.956  123762.235  121909.140  119896.064  117750.094  115501.687  113184.271  110833.771  108488.077  106186.456  103968.915  101875.523  99945.716  98217.579  96727.130  95507.614  94588.825  93996.459  93751.528  93869.831  94361.501  95230.641  96475.058  98086.094  100048.575  102340.869  104935.070  107797.286  110888.059  114162.883  117572.838  121065.312  124584.819  128073.880  131473.978  134726.540  137773.964  140560.642  143033.980  145145.392  146851.237  148113.706  148901.615  149191.101  148966.205  148219.331  146951.559  145172.814  142901.884  140166.276  137001.914  133452.689  129569.846  125411.240  121040.449  116525.782  111939.173  107355.000  102848.829  98496.134  94370.976  90544.703  87084.669  84053.008  81505.481  79490.420  78047.791  77208.390  76993.196  77412.880  78467.507  80146.406  82428.242  85281.269  88663.778  92524.721  96804.509  101435.970  106345.447  111454.025  116678.858  121934.577  127134.752  132193.386  137026.408  141553.140  145697.719  149390.428  152568.938  155179.416  157177.486  158529.034  159210.820  159210.910  158528.901  157175.943  155174.560  152558.261  149370.958  145666.204  141506.250  136960.957  132106.566  127024.360  121799.239  116518.231  111268.970  106138.169  101210.113  96565.204  92278.576  88418.815  85046.802  82214.700  79965.099  78330.342  77332.038  76980.769  77275.994  78206.163  79749.012  81872.059  84533.276  87681.920  91259.522  95200.991  99435.838  103889.475  108484.571  113142.451  117784.488  122333.484  126715.009  130858.663  134699.254  138177.863  141242.781  143850.299  145965.341  147561.934  148623.504  149142.995  149122.820  148574.631  147518.937  145984.565  144007.978  141632.472  138907.266  135886.496  132628.154  129192.966  125643.258  122041.805  118450.714  114930.331  111538.212  108328.175  105349.432  102645.838  100255.253  98209.024  96531.612  95240.346  94345.316  93849.402  93748.438  94031.493  94681.274  95674.632  96983.159  98573.867  100409.924  102451.444  104656.305  106980.977  109381.363  111813.603  114234.862  116604.064  118882.569  121034.785  123028.698  124836.313  126434.013  127802.820  128928.553  129801.902  130418.400  130778.312  130886.437  130751.832  130387.473  129809.850  129038.523  128095.628  127005.362  125793.453  124486.622  123112.049  121696.856  120267.615  118849.885  117467.797  116143.672  114897.707  113747.704  112708.857  111793.611  111011.562  110369.428  109871.073  109517.579  109307.374  109236.396  109298.299  109484.697  109785.419  110188.799  110681.971  111251.170  111882.038  112559.920  113270.152  113998.331  114730.563  115453.694  116155.506  116824.889  117451.978  118028.263  118546.662  119001.568  119388.861  119705.891  119951.441  120125.655  120229.955  120266.934  120240.231  120154.403  120014.778  119827.313  
146873.182  146821.098  146703.421  146517.869  146263.177  145939.188  145546.925  145088.658  144567.934  143989.607  143359.827  142686.022  141976.842  141242.086  140492.600  139740.148  138997.265  138277.078  137593.112  136959.076  136388.626  135895.127  135491.393  135189.432  135000.184  134933.266  134996.728  135196.817  135537.769  136021.620  136648.048  137414.249  138314.852  139341.875  140484.727  141730.258  143062.855  144464.594  145915.433  147393.462  148875.196  150335.908  151750.009  153091.456  154334.189  155452.595  156421.976  157219.036  157822.352  158212.843  158374.214  158293.370  157960.792  157370.863  156522.141  155417.567  154064.601  152475.284  150666.223  148658.484  146477.411  144152.351  141716.306  139205.489  136658.825  134117.367  131623.659  129221.044  126952.939  124862.070  122989.700  121374.853  120053.551  119058.072  118416.258  118150.877  118279.044  118811.740  119753.411  121101.681  122847.168  124973.434  127457.043  130267.757  133368.859  136717.595  140265.747  143960.311  147744.285  151557.550  155337.831  159021.725  162545.773  165847.563  168866.846  171546.637  173834.294  175682.535  177050.393  177904.080  178217.742  177974.087  177164.884  175791.302  173864.096  171403.619  168439.674  165011.185  161165.704  156958.755  152453.020  147717.385  142825.861  137856.387  132889.546  128007.218  123291.172  118821.654  114675.967  110927.089  107642.341  104882.138  102698.849  101135.777  100226.289  99993.114  100447.818  101590.470  103409.510  105881.821  108973.009  112637.884  116821.136  121458.202  126476.303  131795.634  137330.692  142991.714  148686.205  154320.519  159801.479  165037.996  169942.656  174433.262  178434.276  181878.164  184706.599  186871.500  188335.903  189074.628  189074.742  188335.809  186869.909  184701.446  181866.724  178413.323  174399.265  169891.999  164967.218  159707.527  154200.997  148539.615  142817.675  137130.129  131570.930  126231.400  121198.654  116554.101  112372.053  108718.476  105649.889  103212.437  101441.166  100359.490  99978.874  100298.735  101306.557  102978.218  105278.526  108161.943  111573.491  115449.817  119720.397  124308.856  129134.378  134113.175  139160.003  144189.667  149118.526  153865.933  158355.608  162516.916  166286.018  169606.886  172432.159  174723.833  176453.766  177603.998  178166.885  178145.038  177551.082  176407.240  174744.745  172603.104  170029.228  167076.446  163803.416  160272.970  156550.907  152704.756  148802.537  144911.543  141097.158  137421.747  133943.621  130716.104  127786.713  125196.469  122979.339  121161.827  119762.710  118792.920  118255.579  118146.173  118452.859  119156.900  120233.215  121651.022  123374.579  125363.979  127576.003  129965.011  132483.842  135084.710  137720.095  140343.584  142910.670  145379.486  147711.466  149871.922  151830.522  153561.675  155044.818  156264.584  157210.886  157878.884  158268.864  158386.026  158240.184  157845.395  157219.530  156383.779  155362.128  154180.796  152867.659  151451.670  149962.279  148428.874  146880.247  145344.091  143846.552  142411.819  141061.773  139815.703  138690.075  137698.371  136850.990  136155.213  135615.224  135232.198  135004.429  134927.518  134994.591  135196.557  135522.398  135959.473  136493.842  137110.589  137794.159  138528.670  139298.235  140087.246  140880.649  141664.192  142424.635  143149.941  143829.419  144453.850  145015.560  145508.472  145928.122  146271.640  146537.706  146726.477  146839.493  146879.562  146850.630  146757.632  146606.343  146403.217  
165755.794  165703.182  165584.314  165396.882  165139.609  164812.336  164416.097  163953.184  163427.181  162842.989  162206.823  161526.185  160809.812  160067.604  159310.515  158550.431  157800.011  157072.517  156381.612  155741.142  155164.903  154666.395  154258.562  153953.535  153762.364  153694.765  153758.867  153960.984  154305.393  154794.152  155426.934  156200.909  157110.649  158148.094  159302.544  160560.716  161906.840  163322.807  164788.374  166281.408  167778.186  169253.729  170682.189  172037.258  173292.613  174422.378  175401.607  176206.765  176816.213  177210.675  177373.690  177292.031  176956.080  176360.165  175502.828  174387.040  173020.335  171414.878  169587.443  167559.311  165356.083  163007.404  160546.609  158010.282  155437.742  152870.459  150351.408  147924.376  145633.218  143521.095  141629.691  139998.426  138663.686  137658.081  137009.736  136741.648  136871.110  137409.211  138360.446  139722.413  141485.638  143633.513  146142.365  148981.651  152114.278  155497.061  159081.290  162813.421  166635.874  170487.919  174306.648  178028.012  181587.907  184923.286  187973.286  190680.345  192991.282  194858.334  196240.119  197102.503  197419.368  197173.247  196355.824  194968.280  193021.476  190535.974  187541.880  184078.512  180193.907  175944.152  171392.567  166608.740  161667.433  156647.379  151629.982  146697.954  141933.897  137418.874  133230.976  129443.924  126125.723  123337.406  121131.874  119552.872  118634.108  118398.544  118857.863  120012.135  121849.683  124347.158  127469.814  131172.001  135397.848  140082.136  145151.342  150524.850  156116.286  161834.974  167587.475  173279.190  178815.994  184105.868  189060.509  193596.878  197638.671  201117.665  203974.936  206161.914  207641.257  208387.526  208387.658  207641.211  206160.387  203969.837  201106.236  197617.647  193562.684  189009.482  184034.505  178721.201  173158.536  167439.438  161659.159  155913.621  150297.734  144903.753  139819.680  135127.754  130903.048  127212.199  124112.302  121649.976  119860.624  118767.900  118383.386  118706.494  119724.581  121413.280  123737.041  126649.861  130096.203  134012.067  138326.211  142961.481  147836.235  152865.833  157964.159  163045.150  168024.311  172820.171  177355.673  181559.460  185367.040  188721.814  191575.936  193891.015  195638.619  196800.606  197369.252  197347.195  196747.188  195591.680  193912.222  191748.724  189148.577  186165.651  182859.205  179292.712  175532.642  171647.215  167705.144  163774.409  159921.063  156208.108  152694.451  149433.960  146474.638  143857.925  141618.138  139782.049  138368.628  137388.920  136846.080  136735.547  137045.358  137756.585  138843.889  140276.179  142017.343  144027.068  146261.695  148675.117  151219.689  153847.140  156509.463  159159.769  161753.098  164247.154  166602.977  168785.524  170764.153  172513.011  174011.323  175243.567  176199.551  176874.385  177268.360  177386.726  177239.397  176840.576  176208.315  175364.021  174331.924  173138.512  171811.946  170381.474  168876.849  167327.758  165763.288  164211.416  162698.555  161249.140  159885.279  158626.457  157489.309  156487.454  155631.399  154928.498  154382.979  153996.030  153765.927  153688.226  153755.982  153960.012  154289.186  154730.733  155270.570  155893.630  156584.196  157326.227  158103.670  158900.759  159702.286  160493.852  161262.083  161994.816  162681.254  163312.080  163879.544  164377.506  164801.456  165148.494  165417.286  165607.992  165722.168  165762.649  165733.422  165639.472  165486.635  165281.428  
180022.491  179971.092  179854.960  179671.841  179420.489  179100.746  178713.625  178261.362  177747.460  177176.709  176555.178  175890.198  175190.305  174465.170  173725.496  172982.895  172249.736  171538.975  170863.960  170238.220  169675.233  169188.189  168789.735  168491.720  168304.943  168238.896  168301.521  168498.987  168835.472  169312.987  169931.215  170687.387  171576.205  172589.789  173717.690  174946.928  176262.096  177645.502  179077.369  180536.072  181998.434  183440.050  184835.668  186159.583  187386.076  188489.869  189446.588  190233.239  190828.679  191214.077  191373.350  191293.573  190965.352  190383.142  189545.520  188455.387  187120.106  185551.560  183766.138  181784.630  179632.050  177337.361  174933.132  172455.106  169941.696  167433.421  164972.268  162601.016  160362.514  158298.931  156450.992  154857.211  153553.141  152570.639  151937.185  151675.250  151801.727  152327.454  153256.819  154587.479  156310.177  158408.687  160859.881  163633.916  166694.555  169999.604  173501.471  177147.846  180882.470  184646.008  188376.998  192012.864  195490.973  198749.726  201729.660  204374.534  206632.389  208456.559  209806.610  210649.195  210958.793  210718.339  209919.707  208564.049  206661.978  204233.583  201308.276  197924.473  194129.105  189976.973  185529.941  180855.997  176028.188  171123.436  166221.277  161402.522  156747.878  152336.544  148244.819  144544.731  141302.724  138578.429  136423.534  134880.779  133983.099  133752.928  134201.683  135329.434  137124.772  139564.883  142615.822  146232.988  150361.792  154938.513  159891.318  165141.442  170604.494  176191.879  181812.306  187373.348  192783.038  197951.471  202792.371  207224.607  211173.623  214572.762  217364.455  219501.243  220946.642  221675.797  221675.943  220946.647  219499.831  217359.579  214561.723  211153.223  207191.346  202742.663  197881.882  192690.536  187255.549  181667.714  176020.099  170406.423  164919.419  159649.223  154681.820  150097.561  145969.796  142363.634  139334.861  136929.026  135180.720  134113.054  133737.348  134053.026  135047.737  136697.673  138968.101  141814.073  145181.329  149007.336  153222.489  157751.402  162514.309  167428.511  172409.867  177374.291  182239.224  186925.065  191356.523  195463.880  199184.122  202461.947  205250.609  207512.593  209220.122  210355.468  210911.083  210889.544  210303.313  209174.321  207533.395  205419.531  202879.030  199964.528  196733.923  193249.233  189575.403  185779.088  181927.425  178086.836  174321.858  170694.048  167260.963  164075.236  161183.771  158627.056  156438.620  154644.626  153263.606  152306.354  151775.951  151667.944  151970.642  152665.552  153727.919  155127.362  156828.599  158792.241  160975.631  163333.717  165819.950  168387.163  170988.450  173577.999  176111.877  178548.761  180850.583  182983.102  184916.378  186625.152  188089.124  189293.128  190227.205  190886.577  191271.528  191387.186  191243.240  190853.565  190235.800  189410.861  188402.423  187236.365  185940.204  184542.518  183072.377  181558.788  180030.170  178513.861  177035.668  175619.467  174286.857  173056.878  171945.785  170966.884  170130.442  169443.643  168910.621  168532.535  168307.701  168231.777  168297.977  168497.330  168818.960  169250.389  169777.856  170386.640  171061.384  171786.415  172546.047  173324.875  174108.040  174881.474  175632.107  176348.056  177018.771  177635.149  178189.615  178676.173  179090.413  179429.504  179692.142  179878.481  179990.043  180029.598  180001.042  179909.245  179759.909  179559.404  
191274.369  191225.116  191113.832  190938.358  190697.497  190391.100  190020.136  189586.750  189094.297  188547.365  187951.774  187314.545  186643.861  185948.988  185240.182  184528.570  183826.005  183144.904  182498.057  181898.427  181358.932  180892.209  180510.379  180224.798  180045.813  179982.518  180042.527  180231.750  180554.192  181011.779  181604.208  182328.826  183180.554  184151.845  185232.683  186410.630  187670.923  188996.608  190368.732  191766.575  193167.924  194549.395  195886.786  197155.468  198330.794  199388.540  200305.348  201059.184  201629.787  201999.112  202151.746  202075.303  201760.780  201202.864  200400.191  199355.541  198075.968  196572.861  194861.923  192963.079  190900.297  188701.333  186397.397  184022.740  181614.174  179210.526  176852.033  174579.690  172434.557  170457.045  168686.180  167158.871  165909.187  164967.658  164360.618  164109.599  164230.792  164734.582  165625.176  166900.327  168551.166  170562.144  172911.098  175569.430  178502.415  181669.617  185025.433  188519.732  192098.602  195705.183  199280.577  202764.815  206097.879  209220.738  212076.407  214610.992  216774.698  218522.807  219816.571  220624.031  220920.731  220690.317  219925.001  218625.886  216803.143  214476.021  211672.706  208430.011  204792.912  200813.921  196552.323  192073.272  187446.768  182746.526  178048.765  173430.927  168970.353  164742.942  160821.810  157275.983  154169.135  151558.412  149493.347  148014.899  147154.630  146934.040  147364.070  148444.788  150165.262  152503.630  155427.362  158893.717  162850.383  167236.296  171982.618  177013.868  182249.173  187603.633  192989.761  198318.983  203503.168  208456.156  213095.269  217342.755  221127.169  224384.630  227059.968  229107.702  230492.868  231191.646  231191.803  230492.922  229106.429  227055.402  224374.179  221107.762  217311.030  213047.780  208389.604  203414.638  198206.181  192851.243  187439.012  182059.301  176800.979  171750.425  166990.041  162596.828  158641.082  155185.197  152282.636  149977.049  148301.589  147278.402  146918.337  147220.844  148174.086  149755.250  151931.049  154658.411  157885.335  161551.898  165591.391  169931.575  174496.005  179205.429  183979.213  188736.774  193398.993  197889.586  202136.400  206072.619  209637.857  212779.116  215451.594  217619.342  219255.737  220343.791  220876.269  220855.641  220293.847  219211.906  217639.359  215613.576  213178.930  210385.862  207289.858  203950.353  200429.585  196791.431  193100.233  189419.644  185811.514  182334.835  179044.765  175991.747  173220.729  170770.515  168673.238  166953.968  165630.468  164713.083  164204.766  164101.248  164391.328  165057.283  166075.389  167416.531  169046.898  170928.741  173021.180  175281.041  177663.712  180123.993  182616.930  185098.620  187526.960  189862.348  192068.300  194112.003  195964.763  197602.372  199005.377  200159.241  201054.421  201686.337  202055.261  202166.109  202028.163  201654.722  201062.689  200272.110  199305.672  198188.178  196945.999  195606.521  194197.603  192747.046  191282.085  189828.920  188412.282  187055.053  185777.933  184599.171  183534.342  182596.200  181794.585  181136.381  180625.551  180263.204  180047.729  179974.963  180038.404  180229.454  180537.689  180951.153  181456.656  182040.091  182686.740  183381.582  184109.586  184855.988  185606.547  186347.779  187067.161  187753.304  188396.096  188986.813  189518.197  189984.500  190381.497  190706.472  190958.178  191136.761  191243.680  191281.591  191254.224  191166.251  191023.132  190830.974  
200430.441  200383.854  200278.594  200112.617  199884.791  199594.976  199244.087  198834.154  198368.349  197851.015  197287.652  196684.906  196050.513  195393.240  194722.787  194049.680  193385.130  192740.881  192129.033  191561.846  191051.540  190610.069  190248.896  189978.764  189809.460  189749.588  189806.347  189985.329  190290.322  190723.149  191283.521  191968.932  192774.577  193693.316  194715.675  195829.891  197021.999  198275.961  199573.852  200896.071  202221.607  203528.342  204793.383  205993.433  207105.178  208105.705  208972.919  209685.979  210225.719  210575.070  210719.452  210647.150  210349.647  209821.918  209062.671  208074.536  206864.186  205442.392  203824.009  202027.883  200076.686  197996.671  195817.361  193571.153  191292.869  189019.235  186788.312  184638.877  182609.769  180739.214  179064.128  177619.423  176437.324  175546.713  174972.497  174735.046  174849.675  175326.207  176168.624  177374.799  178936.343  180838.550  183060.454  185575.007  188349.360  191345.265  194519.585  197824.902  201210.218  204621.750  208003.783  211299.595  214452.409  217406.389  220107.632  222505.157  224551.862  226205.446  227429.257  228193.064  228473.732  228255.791  227531.873  226303.023  224578.859  222377.589  219725.875  216658.538  213218.122  209454.298  205423.147  201186.297  196809.964  192363.877  187920.133  183551.987  179332.597  175333.760  171624.638  168270.524  165331.652  162862.077  160908.655  159510.129  158696.358  158487.679  158894.443  159916.714  161544.152  163756.078  166521.721  169800.653  173543.389  177692.168  182181.875  186941.108  191893.369  196958.347  202053.284  207094.397  211998.317  216683.544  221071.868  225089.741  228669.578  231750.954  234281.677  236218.727  237529.029  238190.049  238190.214  237529.130  236217.604  234277.466  231741.196  228651.364  225059.882  221027.095  216620.728  211914.690  206987.780  201922.301  196802.623  191713.703  186739.605  181962.042  177458.960  173303.200  169561.256  166292.154  163546.464  161365.481  159780.564  158812.664  158472.044  158758.185  159659.891  161155.581  163213.769  165793.711  168846.218  172314.605  176135.771  180241.380  184559.118  189014.018  193529.804  198030.246  202440.504  206688.414  210705.723  214429.227  217801.800  220773.309  223301.374  225351.986  226899.962  227929.230  228432.947  228413.446  227882.024  226858.562  225371.004  223454.701  221151.627  218509.498  215580.799  212421.755  209091.239  205649.679  202157.937  198676.228  195263.060  191974.237  188861.939  185973.880  183352.582  181034.752  179050.787  177424.404  176172.406  175304.578  174823.716  174725.782  175000.180  175630.145  176593.235  177861.909  179404.184  181184.349  183163.733  185301.496  187555.436  189882.795  192241.048  194588.663  196885.813  199095.033  201181.813  203115.111  204867.782  206416.927  207744.142  208835.677  209682.503  210280.289  210629.288  210734.154  210603.665  210250.403  209690.357  208942.489  208028.261  206971.136  205796.060  204528.940  203196.130  201823.929  200438.101  199063.430  197723.312  196439.394  195231.257  194116.162  193108.847  192221.376  191463.055  190840.400  190357.158  190014.379  189810.539  189741.700  189801.712  189982.440  190274.025  190665.155  191143.354  191695.276  192306.999  192964.313  193652.998  194359.087  195069.110  195770.311  196450.842  197099.930  197708.008  198266.825  198769.513  199210.634  199586.193  199893.620  200131.734  200300.675  200401.822  200437.687  200411.799  200328.578  200193.189  200011.409  
208060.879  208017.248  207918.664  207763.212  207549.834  207278.396  206949.757  206565.817  206129.548  205645.016  205117.374  204552.845  203958.675  203343.075  202715.131  202084.700  201462.284  200858.880  200285.822  199754.594  199276.640  198863.156  198524.879  198271.871  198113.298  198057.218  198110.376  198278.007  198563.662  198969.046  199493.890  200135.846  200890.413  201750.906  202708.451  203752.031  204868.564  206043.033  207258.646  208497.046  209738.554  210962.454  212147.304  213271.284  214312.558  215249.664  216061.910  216729.774  217235.306  217562.517  217697.752  217630.039  217351.400  216857.127  216146.012  215220.517  214086.891  212755.223  211239.426  209557.150  207729.631  205781.458  203740.281  201636.445  199502.564  197373.037  195283.511  193270.307  191369.802  189617.799  188048.873  186695.726  185588.541  184754.367  184216.536  183994.125  184101.479  184547.801  185336.818  186466.541  187929.112  189710.757  191791.841  194147.027  196745.551  199551.590  202524.739  205620.584  208791.363  211986.699  215154.409  218241.363  221194.385  223961.176  226491.248  228736.850  230653.867  232202.677  233348.948  234064.366  234327.262  234123.144  233445.112  232294.143  230679.245  228617.472  226133.796  223260.832  220038.424  216513.100  212737.383  208768.998  204669.965  200505.593  196343.413  192252.036  188299.988  184554.513  181080.394  177938.787  175186.109  172872.991  171043.321  169733.389  168971.161  168775.687  169156.664  170114.151  171638.464  173710.237  176300.647  179371.829  182877.434  186763.361  190968.619  195426.332  200064.848  204808.945  209581.107  214302.858  218896.113  223284.533  227394.863  231158.213  234511.281  237397.467  239767.887  241582.244  242809.557  243428.720  243428.892  242809.703  241581.274  239764.052  237388.459  234494.367  231130.399  227353.078  223225.837  218817.903  214203.083  209458.469  204663.084  199896.504  195237.470  190762.517  186544.655  182652.112  179147.171  176085.119  173513.325  171470.468  169985.920  169079.309  168760.247  169028.248  169872.827  171273.771  173201.588  175618.116  178477.281  181725.989  185305.136  189150.715  193194.992  197367.748  201597.536  205812.958  209943.909  213922.799  217685.695  221173.396  224332.394  227115.729  229483.705  231404.468  232854.426  233818.526  234290.357  234272.105  233774.349  232815.711  231422.366  229627.424  227470.202  224995.392  222252.158  219293.162  216173.550  212949.921  209679.286  206418.046  203221.003  200140.429  197225.199  194520.007  192064.683  189893.609  188035.258  186511.846  185339.113  184526.225  184075.800  183984.058  184241.072  184831.142  185733.245  186921.585  188366.203  190033.652  191887.709  193890.118  196001.351  198181.357  200390.302  202589.285  204741.000  206810.354  208765.022  210575.925  212217.639  213668.713  214911.909  215934.347  216727.568  217287.515  217614.426  217712.659  217590.437  217259.544  216734.957  216034.437  215178.089  214187.888  213087.202  211900.297  210651.860  209366.525  208068.423  206780.771  205525.484  204322.837  203191.174  202146.664  201203.109  200371.811  199661.488  199078.244  198625.586  198304.501  198113.561  198049.076  198105.286  198274.572  198547.698  198914.069  199361.998  199878.985  200451.988  201067.697  201712.792  202374.191  203039.275  203696.096  204333.556  204941.562  205511.156  206034.606  206505.481  206918.685  207270.477  207558.449  207781.495  207939.746  208034.493  208068.089  208043.842  207965.888  207839.069  207668.794  
214540.637  214500.113  214408.548  214264.163  214065.975  213813.860  213508.615  213152.005  212746.791  212296.748  211806.664  211282.317  210730.440  210158.657  209575.408  208989.848  208411.732  207851.276  207319.004  206825.584  206381.646  205997.589  205683.386  205448.383  205301.093  205249.001  205298.373  205454.070  205719.391  206095.921  206583.409  207179.674  207880.537  208679.788  209569.184  210538.492  211575.564  212666.449  213795.551  214945.819  216098.976  217235.778  218336.311  219380.306  220347.482  221217.905  221972.353  222592.695  223062.257  223366.189  223491.806  223428.917  223170.112  222711.018  222050.511  221190.878  220137.925  218901.021  217493.088  215930.522  214233.046  212423.499  210527.565  208573.429  206591.383  204613.379  202672.529  200802.568  199037.285  197409.936  195952.637  194695.761  193667.346  192892.515  192392.942  192186.346  192286.053  192700.610  193433.480  194482.816  195841.320  197496.197  199429.211  201616.828  204030.472  206636.869  209398.490  212274.082  215219.278  218187.287  221129.638  223996.982  226739.925  229309.888  231659.976  233745.833  235526.483  236965.122  238029.860  238694.397  238938.604  238749.020  238119.236  237050.156  235550.150  233635.057  231328.070  228659.486  225666.313  222391.769  218884.640  215198.545  211391.091  207522.944  203656.827  199856.474  196185.535  192706.472  189479.460  186561.305  184004.412  181855.811  180156.268  178939.493  178231.465  178049.879  178403.740  179293.108  180708.988  182633.389  185039.542  187892.274  191148.535  194758.069  198664.227  202804.889  207113.499  211520.184  215952.944  220338.882  224605.467  228681.789  232499.802  235995.517  239110.131  241791.071  243992.926  245678.268  246818.315  247393.463  247393.640  246818.503  245677.451  243989.477  241782.839  239094.571  235969.838  232461.145  228627.411  224532.941  220246.294  215839.077  211384.695  206957.066  202629.330  198472.582  194554.639  190938.879  187683.156  184838.825  182449.889  180552.277  179173.274  178331.111  178034.719  178283.648  179068.157  180369.473  182160.201  184404.893  187060.752  190078.460  193403.116  196975.262  200731.984  204608.052  208537.103  212452.812  216290.061  219986.062  223481.431  226721.173  229655.585  232241.046  234440.680  236224.897  237571.784  238467.355  238905.655  238888.714  238426.359  237535.886  236241.609  234574.284  232570.432  230271.568  227723.360  224974.725  222076.889  219082.429  216044.301  213014.896  210045.122  207183.535  204475.535  201962.641  199681.849  197665.099  195938.841  194523.711  193434.331  192679.216  192260.799  192175.568  192414.304  192962.421  193800.393  194904.256  196246.183  197795.104  199517.370  201377.446  203338.612  205363.664  207415.602  209458.287  211457.066  213379.340  215195.081  216877.277  218402.310  219750.255  220905.098  221854.872  222591.723  223111.879  223415.562  223506.819  223393.290  223085.920  222598.620  221947.891  221152.407  220232.583  219210.124  218107.573  216947.861  215753.872  214548.023  213351.879  212185.799  211068.618  210017.375  209047.090  208170.585  207398.359  206738.511  206196.710  205776.216  205477.945  205300.569  205240.663  205292.876  205450.129  205703.845  206044.179  206460.277  206940.526  207472.812  208044.769  208644.025  209258.427  209876.253  210486.403  211078.569  211643.375  212172.498  212658.756  213096.175  213480.021  213806.819  214074.332  214281.532  214428.540  214516.557  214547.768  214525.245  214452.831  214335.024  214176.847  
220127.716  220090.367  220005.973  219872.896  219690.228  219457.856  219176.514  218847.829  218474.345  218059.542  217607.833  217124.544  216615.879  216088.866  215551.284  215011.573  214478.721  213962.146  213471.548  213016.760  212607.578  212253.589  211963.984  211747.377  211611.616  211563.600  211609.103  211752.607  211997.153  212344.200  212793.518  213343.099  213989.088  214725.763  215545.527  216438.948  217394.828  218400.310  219441.017  220501.235  221564.116  222611.925  223626.304  224588.573  225480.038  226282.325  226977.717  227549.502  227982.311  228262.456  228378.246  228320.286  228081.746  227658.596  227049.799  226257.463  225286.938  224146.861  222849.142  221408.892  219844.291  218176.390  216428.862  214627.686  212800.783  210977.603  209188.667  207465.069  205837.954  204337.975  202994.734  201836.228  200888.298  200174.105  199713.623  199523.188  199615.081  199997.182  200672.682  201639.881  202892.050  204417.399  206199.117  208215.514  210440.250  212842.656  215388.140  218038.678  220753.376  223489.104  226201.186  228844.133  231372.418  233741.264  235907.444  237830.074  239471.385  240797.450  241778.878  242391.423  242616.534  242441.800  241861.313  240875.908  239493.297  237728.079  235601.634  233141.884  230382.943  227364.644  224131.959  220734.308  217224.791  213659.325  210095.727  206592.743  203209.043  200002.201  197027.684  194337.854  191981.015  190000.519  188433.942  187312.357  186659.711  186492.316  186818.473  187638.238  188943.319  190717.136  192935.015  195564.533  198566.011  201893.127  205493.663  209310.358  213281.866  217343.781  221429.735  225472.535  229405.323  233162.739  236682.059  239904.299  242775.257  245246.472  247276.085  248829.595  249880.472  250410.643  250410.825  249880.700  248828.930  247273.023  245239.024  242761.070  239880.792  236646.587  233112.764  229338.598  225387.284  221324.827  217218.890  213137.608  209148.401  205316.802  201705.325  198372.388  195371.322  192749.466  190547.380  188798.184  187527.030  186750.723  186477.498  186706.938  187430.068  188629.582  190280.229  192349.336  194797.452  197579.117  200643.726  203936.472  207399.360  210972.265  214594.012  218203.465  221740.598  225147.535  228369.534  231355.903  234060.825  236444.090  238471.705  240116.395  241357.958  242183.503  242587.540  242571.938  242145.755  241324.935  240131.890  238594.968  236747.835  234628.759  232279.835  229746.155  227074.940  224314.653  221514.110  218721.605  215984.065  213346.248  210850.005  208533.608  206431.162  204572.108  202980.828  201676.347  200672.142  199976.063  199590.354  199511.777  199731.835  200237.084  201009.524  202027.066  203264.058  204691.861  206279.456  207994.089  209801.909  211668.623  213560.122  215443.094  217285.595  219057.574  220731.351  222282.027  223687.830  224930.392  225994.949  226870.473  227549.720  228029.215  228309.162  228393.291  228288.644  228005.310  227556.113  226956.263  226222.973  225375.063  224432.541  223416.188  222347.141  221246.495  220134.915  219032.281  217957.359  216927.511  215958.446  215064.010  214256.021  213544.160  212935.890  212436.439  212048.812  211773.853  211610.339  211555.113  211603.241  211748.199  211982.079  212295.808  212679.379  213122.086  213612.764  214140.012  214692.427  215258.804  215828.338  216390.797  216936.678  217457.338  217945.105  218393.358  218796.589  219150.435  219451.692  219698.298  219889.305  220024.826  220105.965  220134.738  220113.977  220047.224  219938.625  219792.812  
225006.211  224972.050  224894.859  224773.139  224606.060  224393.517  224136.183  223835.544  223493.930  223114.521  222701.355  222259.303  221794.039  221311.993  220820.279  220326.617  219839.228  219366.726  218917.985  218501.997  218127.725  217803.935  217539.036  217340.907  217216.725  217172.802  217214.420  217345.678  217569.356  217886.792  218297.774  218800.465  219391.341  220065.166  220814.992  221632.193  222506.525  223426.228  224378.154  225347.926  226320.135  227278.559  228206.407  229086.591  229902.013  230635.864  231271.940  231794.954  232190.849  232447.102  232553.021  232500.012  232281.826  231894.777  231337.917  230613.173  229725.439  228682.614  227495.593  226178.197  224747.054  223221.422  221622.952  219975.408  218304.330  216636.655  215000.301  213423.710  211935.371  210563.322  209334.641  208274.936  207407.848  206754.558  206333.341  206159.138  206243.183  206592.685  207210.564  208095.264  209240.632  210635.882  212265.639  214110.062  216145.059  218342.576  220670.972  223095.466  225578.650  228081.075  230561.873  232979.436  235292.117  237458.959  239440.421  241199.105  242700.461  243913.458  244811.207  245371.532  245577.460  245417.641  244886.669  243985.306  242720.607  241105.925  239160.816  236910.820  234387.143  231626.221  228669.188  225561.253  222350.986  219089.536  215829.792  212625.489  209530.295  206596.876  203875.968  201415.471  199259.570  197447.921  196014.897  194988.924  194391.906  194238.764  194537.096  195286.950  196480.746  198103.314  200132.087  202537.408  205282.979  208326.429  211619.992  215111.291  218744.208  222459.829  226197.445  229895.590  233493.108  236930.208  240149.513  243097.070  245723.295  247983.857  249840.466  251261.560  252222.871  252707.867  252708.053  252223.137  251261.044  249837.786  247977.189  245710.479  243075.737  240117.233  236884.649  233432.203  229817.705  226101.533  222345.583  218612.182  214963.002  211457.992  208154.336  205105.475  202360.195  199961.798  197947.391  196347.269  195184.442  194474.284  194224.328  194434.195  195095.675  196192.937  197702.884  199595.627  201835.080  204379.658  207183.068  210195.175  213362.928  216631.325  219944.407  223246.246  226481.933  229598.523  232545.941  235277.813  237752.227  239932.398  241787.232  243291.774  244427.546  245182.754  245552.374  245538.117  245148.266  244397.408  243306.042  241900.102  240210.383  238271.892  236123.137  233805.367  231361.778  228836.703  226274.800  223720.246  221215.971  218802.919  216519.374  214400.348  212477.039  210776.382  209320.681  208127.340  207208.688  206571.908  206219.053  206147.160  206348.458  206810.649  207517.266  208448.103  209579.695  210885.841  212338.168  213906.711  215560.503  217268.174  218998.521  220721.070  222406.597  224027.613  225558.796  226977.366  228263.407  229400.116  230373.986  231174.928  231796.316  232234.969  232491.074  232568.042  232472.316  232213.125  231802.200  231253.455  230582.637  229806.962  228944.733  228014.961  227036.982  226030.095  225013.204  224004.496  223021.138  222079.013  221192.493  220374.243  219635.076  218983.848  218427.387  217970.475  217615.862  217364.319  217214.729  217164.204  217208.229  217340.837  217554.793  217841.798  218192.696  218597.695  219046.579  219528.920  220034.284  220552.422  221073.449  221588.004  222087.393  222563.710  223009.936  223420.014  223788.904  224112.617  224388.219  224613.825  224788.566  224912.547  224986.778  225013.103  224994.111  224933.045  224833.695  224700.301  
229311.454  229280.461  229210.425  229099.987  228948.392  228755.548  228522.063  228249.286  227939.330  227595.082  227220.204  226819.116  226396.968  225959.591  225513.443  225065.525  224623.299  224194.580  223787.419  223409.976  223070.382  222776.592  222536.236  222356.463  222243.785  222203.928  222241.686  222360.778  222563.728  222851.747  223224.647  223680.757  224216.883  224828.273  225508.623  226250.107  227043.429  227877.920  228741.649  229621.572  230503.708  231373.337  232215.225  233013.865  233753.744  234419.611  234996.763  235471.328  235830.551  236063.070  236159.183  236111.091  235913.125  235561.939  235056.674  234399.076  233593.586  232647.372  231570.318  230374.966  229076.403  227692.101  226241.706  224746.782  223230.501  221717.306  220232.528  218801.975  217451.498  216206.536  215091.660  214130.107  213343.327  212750.541  212368.330  212210.251  212286.501  212603.619  213164.257  213967.002  215006.272  216272.281  217751.078  219424.661  221271.169  223265.147  225377.884  227577.822  229831.019  232101.677  234352.714  236546.376  238644.873  240611.041  242409.001  244004.818  245367.141  246467.812  247282.434  247790.881  247977.753  247832.750  247350.966  246533.092  245385.528  243920.391  242155.423  240113.802  237823.840  235318.599  232635.405  229815.279  226902.293  223942.860  220984.969  218077.382  215268.796  212607.000  210138.035  207905.362  205949.077  204305.165  203004.817  202073.826  201532.070  201393.090  201663.780  202344.184  203427.426  204899.741  206740.653  208923.250  211414.598  214176.247  217164.857  220332.899  223629.452  227001.056  230392.624  233748.380  237012.830  240131.720  243052.984  245727.662  248110.761  250162.054  251846.796  253136.344  254008.678  254448.793  254448.982  254008.978  253135.972  251844.492  250156.157  248099.302  245708.482  243023.868  240090.542  236957.703  233677.808  230305.647  226897.385  223509.579  220198.193  217017.627  214019.772  211253.122  208761.947  206585.543  204757.582  203305.556  202250.346  201605.903  201379.065  201569.487  202169.721  203165.403  204535.574  206253.113  208285.273  210594.320  213138.246  215871.557  218746.112  221712.001  224718.442  227714.686  230650.905  233479.055  236153.692  238632.737  240878.155  242856.565  244539.750  245905.064  246935.739  247621.070  247956.499  247943.576  247589.820  246908.463  245918.110  244642.292  243108.954  241349.864  239399.964  237296.687  235079.231  232787.827  230462.999  228144.836  225872.296  223682.535  221610.293  219687.344  217941.999  216398.701  215077.690  213994.761  213161.103  212583.233  212263.016  212197.765  212380.426  212799.841  213441.067  214285.768  215312.650  216497.937  217815.882  219239.292  220740.067  222289.737  223859.987  225423.163  226952.745  228423.787  229813.309  231100.639  232267.703  233299.252  234183.029  234909.878  235473.784  235871.863  236104.281  236174.136  236087.272  235852.066  235479.162  234981.187  234372.432  233668.518  232886.056  232042.298  231154.792  230241.050  229318.229  228402.831  227510.437  226655.462  225850.946  225108.384  224437.589  223846.597  223341.605  222926.954  222605.139  222376.860  222241.103  222195.247  222235.196  222355.536  222549.699  222810.154  223128.594  223496.131  223903.495  224341.222  224799.843  225270.057  225742.894  226209.858  226663.060  227095.324  227500.281  227872.433  228207.208  228500.984  228751.098  228955.841  229114.424  229226.940  229294.308  229318.200  229300.966  229245.548  229155.388  229034.331  
233145.435  233117.566  233054.585  232955.272  232818.947  232645.526  232435.557  232190.254  231911.515  231601.937  231264.814  230904.119  230524.485  230131.155  229729.936  229327.125  228929.433  228543.886  228177.726  227838.290  227532.892  227268.684  227052.529  226890.855  226789.520  226753.674  226787.626  226894.722  227077.232  227336.245  227671.592  228081.772  228563.911  229113.736  229725.579  230392.400  231105.842  231856.308  232633.069  233424.396  234217.714  234999.785  235756.910  236475.143  237140.532  237739.362  238258.410  238685.201  239008.263  239217.379  239303.822  239260.579  239082.551  238766.729  238312.338  237720.951  236996.560  236145.610  235176.992  234101.982  232934.151  231689.210  230384.829  229040.397  227676.757  226315.891  224980.578  223694.029  222479.492  221359.848  220357.192  219492.424  218784.833  218251.707  217907.959  217765.782  217834.345  218119.531  218623.724  219345.656  220280.306  221418.875  222748.815  224253.937  225914.581  227707.854  229607.938  231586.447  233612.858  235654.977  237679.453  239652.332  241539.628  243307.916  244924.929  246360.146  247585.372  248575.282  249307.933  249765.224  249933.305  249802.912  249369.630  248634.082  247602.022  246284.347  244697.013  242860.864  240801.363  238548.244  236135.076  233598.752  230978.908  228317.286  225657.048  223042.046  220516.078  218122.125  215901.594  213893.574  212134.128  210655.618  209486.099  208648.770  208161.507  208036.492  208279.924  208891.847  209866.073  211190.228  212845.893  214808.867  217049.529  219533.301  222221.202  225070.486  228035.356  231067.732  234118.067  237136.200  240072.217  242877.324  245504.694  247910.290  250053.647  251898.583  253413.848  254573.681  255358.275  255754.134  255754.325  255358.608  254573.448  253411.911  251893.441  250043.522  247893.230  245478.695  242840.463  240022.784  237072.836  234039.899  230974.488  227927.469  224949.179  222088.543  219392.234  216903.869  214663.266  212705.767  211061.659  209755.669  208806.579  208226.938  208022.896  208194.145  208733.986  209629.501  210861.841  212406.612  214234.363  216311.155  218599.206  221057.599  223643.034  226310.622  229014.688  231709.587  234350.503  236894.223  239299.874  241529.607  243549.213  245328.668  246842.590  248070.612  248997.651  249614.077  249915.789  249904.183  249586.018  248973.196  248082.450  246934.945  245555.814  243973.629  242219.820  240328.053  238333.586  236272.604  234181.554  232096.497  230052.470  228082.895  226219.020  224489.421  222919.567  221531.440  220343.247  219369.195  218619.349  218099.571  217811.539  217752.837  217917.121  218294.354  218871.098  219630.861  220554.489  221620.598  222806.028  224086.323  225436.206  226830.072  228242.451  229648.469  231024.274  232347.426  233597.255  234755.169  235804.910  236732.760  237527.696  238181.481  238688.705  239046.772  239255.833  239318.673  239240.548  239028.993  238693.582  238245.672  237698.116  237064.966  236361.163  235602.224  234803.934  233982.043  233151.983  232328.600  231525.907  230756.870  230033.219  229365.294  228761.921  228230.328  227776.091  227403.114  227113.641  226908.302  226786.186  226744.935  226780.866  226889.106  227063.751  227298.026  227584.459  227915.054  228281.474  228675.207  229087.734  229510.691  229936.007  230356.041  230763.697  231152.521  231516.781  231851.534  232152.667  232416.921  232641.903  232826.072  232968.720  233069.932  233130.532  233152.024  233136.524  233086.677  233005.579  232896.688  
236586.660  236561.854  236505.794  236417.393  236296.046  236141.679  235954.778  235736.424  235488.307  235212.739  234912.651  234591.580  234253.649  233903.527  233546.381  233187.818  232833.810  232490.612  232164.671  231862.519  231590.664  231355.475  231163.060  231019.141  230928.933  230897.020  230927.238  231022.567  231185.027  231415.588  231714.098  232079.222  232508.403  232997.836  233542.477  234136.059  234771.142  235439.185  236130.636  236835.054  237541.247  238237.429  238911.405  239550.763  240143.082  240676.153  241138.204  241518.131  241805.721  241991.880  242068.837  242030.350  241871.880  241590.747  241186.262  240659.824  240014.986  239257.486  238395.236  237438.277  236398.687  235290.452  234129.302  232932.496  231718.589  230507.148  229318.453  228173.165  227091.979  226095.264  225202.691  224432.863  223802.954  223328.353  223022.335  222895.756  222956.779  223210.641  223659.466  224302.125  225134.148  226147.704  227331.622  228671.493  230149.814  231746.206  233437.685  235198.985  237002.930  238820.863  240623.093  242379.395  244059.512  245633.690  247073.202  248350.878  249441.618  250322.876  250975.116  251382.226  251531.874  251415.811  251030.109  250375.318  249456.562  248283.540  246870.456  245235.866  243402.436  241396.638  239248.353  236990.425  234658.140  232288.659  229920.404  227592.415  225343.683  223212.473  221235.645  219448.001  217881.645  216565.388  215524.207  214778.755  214344.949  214233.633  214450.327  214995.072  215862.360  217041.175  218515.122  220262.655  222257.406  224468.592  226861.509  229398.105  232037.608  234737.214  237452.814  240139.752  242753.590  245250.889  247589.959  249731.597  251639.775  253282.283  254631.298  255663.885  256362.409  256714.854  256715.047  256362.773  255663.786  254629.719  253277.880  251630.955  249716.611  247567.013  245218.257  242709.738  240083.458  237383.287  234654.199  231941.481  229289.944  226743.149  224342.647  222127.270  220132.468  218389.708  216925.953  215763.220  214918.230  214402.158  214220.478  214372.920  214853.518  215650.773  216747.905  218123.198  219750.431  221599.389  223636.436  225825.143  228126.961  230501.925  232909.372  235308.661  237659.894  239924.597  242066.382  244051.548  245849.640  247433.925  248781.806  249875.149  250700.522  251249.354  251517.992  251507.676  251224.425  250678.834  249885.799  248864.164  247636.305  246227.659  244666.209  242981.928  241206.206  239371.260  237509.541  235653.152  233833.291  232079.713  230420.239  228880.313  227482.608  226246.701  225188.799  224321.553  223653.924  223191.133  222934.674  222882.397  223028.653  223364.508  223877.998  224554.438  225376.776  226325.974  227381.412  228521.314  229723.177  230964.202  232221.714  233473.565  234698.517  235876.593  236989.388  238020.347  238954.996  239781.120  240488.905  241071.015  241522.635  241841.452  242027.600  242083.558  242014.006  241825.652  241527.021  241128.222  240640.702  240076.971  239450.330  238774.597  238063.824  237332.037  236592.975  235859.856  235145.158  234460.425  233816.101  233221.392  232684.159  232210.836  231806.388  231474.292  231216.546  231033.712  230924.978  230888.244  230920.232  231016.604  231172.102  231380.695  231635.729  231930.086  232256.341  232606.916  232974.226  233350.824  233729.523  234103.520  234466.496  234812.704  235137.042  235435.108  235703.239  235938.533  236138.859  236302.846  236429.862  236519.984  236573.944  236593.084  236579.284  236534.902  236462.692  236365.736  
239696.657  239674.845  239625.549  239547.811  239441.102  239305.354  239140.996  238948.978  238730.786  238488.453  238224.557  237942.208  237645.031  237337.133  237023.057  236707.733  236396.415  236094.604  235807.966  235542.248  235303.173  235096.342  234927.126  234800.558  234721.224  234693.155  234719.725  234803.555  234946.421  235149.176  235411.688  235732.783  236110.211  236540.628  237019.596  237541.606  238100.114  238687.610  239295.692  239915.180  240536.230  241148.478  241741.200  242303.477  242824.389  243293.197  243699.549  244033.678  244286.604  244450.327  244518.015  244484.176  244344.818  244097.585  243741.869  243278.901  242711.806  242045.629  241287.328  240445.732  239531.464  238556.824  237535.644  236483.105  235415.523  234350.107  233304.693  232297.451  231346.581  230469.999  229685.003  229007.955  228453.959  228036.551  227767.405  227656.070  227709.724  227932.976  228327.693  228892.882  229624.615  230516.002  231557.223  232735.602  234035.748  235439.740  236927.363  238476.394  240062.937  241661.785  243246.827  244791.479  246269.132  247653.616  248919.666  250043.386  251002.700  251777.777  252351.437  252709.507  252841.141  252739.082  252399.875  251824.004  251015.974  249984.313  248741.515  247303.897  245691.395  243927.289  242037.861  240051.996  238000.728  235916.739  233833.824  231786.319  229808.516  227934.070  226195.402  224623.119  223245.460  222087.765  221172.003  220516.339  220134.773  220036.845  220227.410  220706.506  221469.289  222506.071  223802.433  225339.428  227093.862  229038.663  231143.308  233374.329  235695.866  238070.273  240458.753  242822.029  245121.018  247317.510  249374.839  251258.523  252936.873  254381.557  255568.103  256476.337  257090.749  257400.767  257400.962  257091.142  256476.368  255566.870  254377.871  252929.324  251245.561  249354.874  247289.010  245082.618  242772.642  240397.669  237997.255  235611.232  233279.018  231038.925  228927.501  226978.903  225224.312  223691.407  222403.904  221381.170  220637.913  220183.964  220024.139  220158.200  220580.903  221282.134  222247.134  223456.803  224888.078  226514.384  228306.136  230231.291  232255.943  234344.938  236462.510  238572.913  240641.051  242633.083  244517.001  246263.162  247844.777  249238.331  250423.946  251385.672  252111.693  252594.467  252830.782  252821.727  252572.595  252092.706  251395.160  250496.533  249416.506  248177.452  246803.987  245322.473  243760.523  242146.473  240508.869  238875.950  237275.157  235732.664  234272.943  232918.377  231688.909  230601.759  229671.186  228908.318  228321.037  227913.938  227688.334  227642.335  227770.974  228066.392  228518.065  229113.077  229836.429  230671.374  231599.775  232602.477  233659.686  234751.345  235857.510  236958.699  238036.229  239072.526  240051.402  240958.293  241780.466  242507.178  243129.792  243641.858  244039.137  244319.596  244483.352  244532.584  244471.411  244305.730  244043.042  243692.239  243263.390  242767.498  242216.266  241621.846  240996.602  240352.870  239702.738  239057.831  238429.127  237826.781  237259.981  236736.825  236264.227  235847.850  235492.060  235199.916  234973.176  234812.335  234716.678  234684.359  234712.494  234797.268  234934.055  235117.549  235341.897  235600.839  235887.842  236196.241  236519.362  236850.654  237183.796  237512.802  237832.114  238136.676  238421.999  238684.211  238920.089  239127.082  239303.312  239447.576  239559.316  239638.599  239686.071  239702.911  239690.773  239651.731  239588.209  239502.916  
242524.420  242505.525  242462.820  242395.474  242303.028  242185.424  242043.034  241876.679  241687.648  241477.702  241249.072  241004.456  240746.993  240480.240  240208.134  239934.947  239665.229  239403.746  239155.409  238925.195  238718.063  238538.865  238392.257  238282.596  238213.858  238189.535  238212.551  238285.175  238408.947  238584.607  238812.040  239090.230  239417.227  239790.134  240205.107  240657.372  241141.260  241650.265  242177.108  242713.834  243251.915  243782.372  244295.913  244783.079  245234.406  245640.591  245992.666  246282.167  246501.314  246643.174  246701.829  246672.519  246551.786  246337.586  246029.395  245628.277  245136.940  244559.753  243902.746  243173.569  242381.423  241536.967  240652.185  239740.229  238815.237  237892.118  236986.327  236113.606  235289.726  234530.209  233850.044  233263.408  232783.388  232421.712  232188.497  232092.017  232138.491  232331.914  232673.904  233163.601  233797.604  234569.942  235472.107  236493.118  237619.639  238836.142  240125.111  241467.294  242841.983  244227.339  245600.737  246939.142  248219.499  249419.131  250516.147  251489.841  252321.082  252992.690  253489.775  253800.057  253914.135  253825.724  253531.826  253032.860  252332.728  251438.821  250361.961  249116.288  247719.074  246190.492  244553.313  242832.566  241055.141  239249.359  237444.501  235670.320  233956.531  232332.296  230825.708  229463.291  228269.513  227266.333  226472.789  225904.621  225573.963  225489.081  225654.185  226069.306  226730.252  227628.627  228751.937  230083.766  231604.017  233289.232  235112.962  237046.207  239057.894  241115.401  243185.109  245232.984  247225.158  249128.521  250911.299  252543.612  253997.998  255249.906  256278.130  257065.186  257597.631  257866.305  257866.501  257598.051  257065.341  256277.234  255246.919  253991.685  252532.620  250894.236  249104.044  247192.070  245190.326  243132.252  241052.124  238984.462  236963.421  235022.203  233192.481  231503.855  229983.346  228654.940  227539.192  226652.885  226008.765  225615.354  225476.826  225592.977  225959.263  226566.920  227403.159  228451.430  229691.749  231101.084  232653.800  234322.127  236076.685  237887.009  239722.103  241550.990  243343.256  245069.574  246702.204  248215.459  249586.120  250793.809  251821.299  252654.765  253283.968  253702.371  253907.187  253899.361  253683.477  253267.613  252663.120  251884.362  250948.394  249874.607  248684.329  247400.410  246046.777  244647.988  243228.781  241813.630  240426.316  239089.523  237824.460  236650.524  235585.001  234642.814  233836.322  233175.168  232666.186  232313.357  232117.822  232077.942  232189.413  232445.426  232836.859  233352.521  233979.412  234703.019  235507.624  236376.626  237292.869  238238.974  239197.653  240152.023  241085.891  241984.027  242832.400  243618.388  244330.955  244960.789  245500.406  245944.213  246288.538  246531.618  246673.552  246716.231  246663.221  246519.636  246291.973  245987.942  245616.266  245186.484  244708.736  244193.557  243651.660  243093.737  242530.266  241971.321  241426.418  240904.358  240413.104  239959.676  239550.066  239189.181  238880.808  238627.597  238431.072  238291.663  238208.750  238180.733  238205.114  238278.585  238397.137  238556.173  238750.619  238975.049  239223.802  239491.099  239771.159  240058.301  240347.047  240632.210  240908.971  241172.948  241420.252  241647.524  241851.973  242031.385  242184.135  242309.178  242406.032  242474.753  242515.902  242530.500  242519.982  242486.144  242431.088  242357.161  
245109.500  245093.442  245057.145  244999.903  244921.326  244821.364  244700.333  244558.931  244398.254  244219.798  244025.461  243817.533  243598.684  243371.938  243140.642  242908.424  242679.155  242456.885  242245.788  242050.096  241874.023  241721.695  241597.068  241503.848  241445.413  241424.732  241444.291  241506.019  241611.226  241760.541  241953.866  242190.337  242468.298  242785.287  243138.035  243522.485  243933.819  244366.504  244814.355  245270.609  245728.017  246178.946  246615.497  247029.629  247413.297  247758.593  248057.892  248303.999  248490.301  248610.903  248660.774  248635.868  248533.244  248351.165  248089.184  247748.204  247330.528  246839.870  246281.356  245661.486  244988.084  244270.211  243518.052  242742.791  241956.443  241171.685  240401.654  239659.733  238959.330  238313.640  237735.406  237236.681  236828.590  236521.105  236322.827  236240.790  236280.284  236444.702  236735.424  237151.719  237690.694  238347.277  239114.234  239982.230  240939.928  241974.128  243069.940  244210.996  245379.692  246557.461  247725.069  248862.933  249951.452  250971.345  251904.003  252731.820  253438.532  254009.532  254432.160  254695.975  254792.985  254717.842  254467.999  254043.811  253448.593  252688.628  251773.117  250714.079  249526.199  248226.625  246834.717  245371.755  243860.600  242325.329  240790.837  239282.420  237825.342  236444.397  235163.472  234005.115  232990.132  232137.194  231462.487  230979.396  230698.237  230626.041  230766.388  231119.306  231681.230  232445.026  233400.072  234532.410  235824.955  237257.763  238808.348  240452.054  242162.460  243911.831  245671.585  247412.781  249106.626  250724.967  252240.787  253628.680  254865.297  255929.761  256804.040  257473.268  257926.014  258154.487  258154.683  257926.460  257473.544  256803.469  255927.450  254860.184  253619.601  252226.542  250704.399  249078.700  247376.665  245626.725  243858.027  242099.920  240381.447  238730.840  237175.030  235739.186  234446.285  233316.724  232367.981  231614.328  231066.605  230732.058  230614.238  230712.974  231024.402  231541.073  232252.113  233143.450  234198.092  235396.458  236716.747  238135.349  239627.281  241166.640  242727.067  244282.224  245806.246  247274.198  248662.489  249949.277  251114.817  252141.781  253015.518  253724.271  254259.333  254615.143  254789.331  254782.699  254599.145  254245.535  253731.522  253069.319  252273.427  251360.336  250348.181  249256.392  248105.316  246915.836  245708.988  244505.584  243325.846  242189.065  241113.278  240114.978  239208.867  238407.635  237721.792  237159.541  236726.693  236426.635  236260.337  236226.406  236321.185  236538.881  236871.741  237310.246  237843.344  238458.692  239142.923  239881.921  240661.097  241465.672  242280.943  243092.552  243886.730  244650.525  245372.002  246040.430  246646.420  247182.056  247640.969  248018.406  248311.241  248517.973  248638.690  248674.995  248629.924  248507.823  248314.218  248055.665  247739.583  247374.082  246967.788  246529.657  246068.803  245594.318  245115.111  244639.753  244176.334  243732.340  243314.544  242928.916  242580.552  242273.627  242011.360  241796.005  241628.860  241510.290  241439.769  241415.936  241436.666  241499.147  241599.969  241735.223  241900.593  242091.465  242303.025  242530.357  242768.545  243012.757  243258.335  243500.866  243736.253  243960.768  244171.103  244364.402  244538.289  244690.884  244820.802  244927.156  245009.534  245067.986  245102.987  245115.405  245106.462  245077.684  245030.859  244967.984  
247484.219  247470.914  247440.837  247393.402  247328.287  247245.448  247145.149  247027.969  246894.813  246746.922  246585.869  246413.553  246232.185  246044.271  245852.585  245660.135  245470.127  245285.918  245110.968  244948.784  244802.859  244676.611  244573.320  244496.057  244447.622  244430.477  244446.681  244497.834  244585.021  244708.764  244868.982  245064.960  245295.325  245558.037  245850.387  246169.014  246509.923  246868.530  247239.708  247617.853  247996.957  248370.693  248732.513  249075.756  249393.751  249679.945  249928.018  250132.006  250286.427  250386.396  250427.741  250407.109  250322.063  250171.161  249954.032  249671.425  249325.248  248918.579  248455.664  247941.893  247383.749  246788.741  246165.313  245522.732  244870.959  244220.499  243582.242  242967.282  242386.731  241851.526  241372.230  240958.835  240620.562  240365.677  240201.311  240133.294  240166.011  240302.278  240543.237  240888.284  241335.022  241879.248  242514.965  243234.438  244028.270  244885.520  245793.845  246739.678  247708.429  248684.705  249652.565  250595.774  251498.085  252343.517  253116.641  253802.863  254388.703  254862.048  255212.405  255431.117  255511.557  255449.294  255242.213  254890.607  254397.224  253767.269  253008.370  252130.488  251145.796  250068.508  248914.673  247701.928  246449.226  245176.525  243904.463  242654.009  241446.107  240301.311  239239.423  238279.137  237437.702  236730.595  236171.237  235770.726  235537.614  235477.731  235594.048  235886.588  236352.399  236985.566  237777.286  238715.989  239787.512  240975.322  242260.780  243623.444  245041.413  246491.694  247950.590  249394.110  250798.382  252140.066  253396.764  254547.412  255572.651  256455.172  257180.025  257734.884  258110.269  258299.720  258299.918  258110.740  257735.275  257179.768  256453.515  255568.701  254540.187  253385.253  252123.291  250775.465  249364.342  247913.493  246447.083  244989.446  243564.661  242196.136  240906.198  239715.718  238643.746  237707.194  236920.555  236295.662  235841.507  235564.096  235466.378  235548.210  235806.391  236234.747  236824.262  237563.270  238437.685  239431.272  240525.956  241702.163  242939.177  244215.522  245509.344  246798.803  248062.454  249279.621  250430.745  251497.712  252464.151  253315.692  254040.188  254627.888  255071.571  255366.626  255511.085  255505.612  255353.439  255060.256  254634.067  254084.997  253425.071  252667.960  251828.701  250923.404  249968.941  248982.627  247981.906  246984.035  246005.783  245063.145  244171.079  243343.262  242591.884  241927.471  241358.738  240892.487  240533.539  240284.703  240146.784  240118.629  240197.205  240377.710  240653.715  241017.328  241459.384  241969.648  242537.039  243149.848  243795.979  244463.176  245139.247  245812.285  246470.872  247104.267  247702.573  248256.889  248759.431  249203.631  249584.210  249897.222  250140.077  250311.530  250411.651  250441.771  250404.405  250303.157  250142.611  249928.201  249666.081  249362.976  249026.038  248662.696  248280.507  247887.011  247489.597  247095.372  246711.046  246342.828  245996.335  245676.517  245387.603  245133.054  244915.540  244736.931  244598.305  244499.963  244441.470  244421.698  244438.884  244490.697  244574.310  244686.479  244823.626  244981.925  245157.383  245345.923  245543.467  245746.010  245949.686  246150.836  246346.062  246532.273  246706.723  246867.045  247011.268  247137.832  247245.588  247333.801  247402.129  247450.612  247479.645  247489.948  247482.533  247458.667  247419.832  247367.684  
249675.276  249664.640  249640.592  249602.663  249550.595  249484.354  249404.150  249310.445  249203.964  249085.699  248956.908  248819.108  248674.068  248523.793  248370.499  248216.594  248064.640  247917.322  247777.408  247647.701  247530.997  247430.027  247347.416  247285.621  247246.879  247233.160  247246.112  247287.015  247356.736  247455.693  247583.823  247740.552  247924.785  248134.889  248368.698  248623.524  248896.174  249182.980  249479.843  249782.280  250085.486  250384.402  250673.791  250948.323  251202.665  251431.574  251629.995  251793.158  251916.678  251996.648  252029.729  252013.241  251945.231  251824.547  251650.892  251424.864  251147.988  250822.725  250452.471  250041.537  249595.108  249119.189  248620.534  248106.555  247585.219  247064.929  246554.396  246062.493  245598.109  245169.993  244786.595  244455.906  244185.305  243981.404  243849.906  243795.478  243821.627  243930.608  244123.334  244399.323  244756.660  245191.982  245700.495  246276.011  246911.013  247596.752  248323.353  249079.965  249854.916  250635.894  251410.145  252164.683  252886.511  253562.843  254181.337  254730.317  255198.998  255577.690  255857.997  256032.993  256097.374  256047.594  255881.960  255600.705  255206.026  254702.086  254094.984  253392.691  252604.941  251743.106  250820.025  249849.807  248847.614  247829.413  246811.714  245811.294  244844.909  243929.004  243079.421  242311.119  241637.896  241072.139  240624.586  240304.116  240117.574  240069.627  240162.652  240396.670  240769.321  241275.875  241909.289  242660.308  243517.603  244467.946  245496.425  246586.686  247721.206  248881.588  250048.873  251203.866  252327.465  253400.996  254406.535  255327.228  256147.586  256853.757  257433.776  257877.779  258178.181  258329.811  258330.008  258178.675  257878.282  257433.822  256852.732  256144.761  255321.800  254397.672  253387.895  252309.402  251180.250  250019.300  248845.889  247679.488  246539.365  245444.252  244412.016  243459.359  242601.526  241852.052  241222.535  240722.447  240358.983  240136.954  240058.719  240124.167  240330.738  240673.491  241145.217  241736.578  242436.305  243231.406  244107.419  245048.679  246038.609  247060.022  248095.431  249127.358  250138.640  251112.729  252033.972  252887.874  253661.330  254342.840  254922.681  255393.048  255748.160  255984.325  256099.969  256095.620  255973.862  255739.249  255398.186  254958.773  254430.635  253824.710  253153.033  252428.498  251664.606  250875.216  250074.288  249275.634  248492.676  247738.216  247024.225  246361.652  245760.254  245228.455  244773.234  244400.034  244112.715  243913.527  243803.115  243780.558  243843.429  243987.885  244208.782  244499.805  244853.617  245262.028  245716.167  246206.665  246723.839  247257.879  247799.027  248337.752  248864.914  249371.916  249850.835  250294.546  250696.817  251052.391  251357.042  251607.610  251802.022  251939.278  252019.436  252043.560  252013.662  251932.628  251804.124  251632.502  251422.685  251180.059  250910.347  250619.495  250313.554  249998.558  249680.424  249364.840  249057.178  248762.407  248485.026  248228.997  247997.706  247793.923  247619.788  247476.796  247365.812  247287.076  247240.242  247224.406  247238.158  247279.631  247346.562  247436.356  247546.148  247672.875  247813.339  247964.279  248122.429  248284.581  248447.643  248608.684  248764.983  248914.066  249053.734  249182.092  249297.562  249398.894  249485.170  249555.799  249610.508  249649.328  249672.577  249680.829  249674.896  249655.791  249624.700  249582.951  
251704.946  251696.893  251678.681  251649.955  251610.518  251560.345  251499.594  251428.616  251347.959  251258.375  251160.815  251056.431  250946.561  250832.723  250716.597  250600.006  250484.892  250373.289  250267.293  250169.028  250080.611  250004.114  249941.523  249894.701  249865.343  249854.942  249864.746  249895.725  249948.537  250023.500  250120.564  250239.298  250378.869  250538.043  250715.180  250908.241  251114.809  251332.105  251557.023  251786.168  252015.898  252242.381  252461.648  252669.662  252862.381  253035.832  253186.186  253309.827  253403.432  253464.040  253489.121  253476.644  253425.127  253333.698  253202.129  253030.875  252821.088  252574.635  252294.086  251982.708  251644.430  251283.801  250905.938  250516.458  250121.399  249727.127  249340.243  248967.472  248615.549  248291.106  248000.546  247749.926  247544.838  247390.294  247290.617  247249.344  247269.135  247351.700  247497.731  247706.866  247977.653  248307.546  248692.912  249129.063  249610.303  250130.001  250680.676  251254.102  251841.435  252433.344  253020.163  253592.049  254139.150  254651.776  255120.573  255536.689  255891.949  256179.007  256391.498  256524.171  256573.005  256535.310  256409.801  256196.653  255897.529  255515.584  255055.438  254523.131  253926.042  253272.789  252573.101  251837.674  251077.999  250306.180  249534.731  248776.370  248043.799  247349.483  246705.434  246122.991  245612.617  245183.701  244844.385  244601.404  244459.947  244423.555  244494.031  244671.395  244953.858  245337.837  245817.994  246387.316  247037.216  247757.666  248537.362  249363.908  250224.019  251103.750  251988.725  252864.393  253716.271  254530.201  255292.592  255990.666  256612.677  257148.121  257587.925  257924.610  258152.420  258267.433  258267.630  258152.936  257925.218  257588.264  257147.708  256610.940  255986.974  255286.292  254520.656  253702.906  252846.732  251966.436  251076.678  250192.224  249327.685  248497.264  247714.512  246992.093  246341.570  245773.207  245295.801  244916.537  244640.873  244472.459  244413.087  244462.673  244619.280  244879.162  245236.854  245685.278  246215.888  246818.833  247483.148  248196.954  248947.680  249722.293  250507.530  251290.137  252057.097  252795.861  253494.555  254142.186  254728.814  255245.715  255685.513  256042.289  256311.654  256490.809  256578.556  256575.294  256482.981  256305.071  256046.418  255713.166  255312.612  254853.052  254343.614  253794.076  253214.678  252615.931  252008.425  251402.636  250808.744  250236.460  249694.867  249192.268  248736.067  248332.654  247987.324  247704.208  247486.234  247335.111  247251.329  247234.192  247281.858  247391.416  247558.963  247779.709  248048.091  248357.896  248702.396  249074.483  249466.812  249871.941  250282.469  250691.164  251091.092  251475.731  251839.070  252175.702  252480.900  252750.675  252981.818  253171.934  253319.445  253423.596  253484.428  253502.747  253480.079  253418.613  253321.130  253190.931  253031.751  252847.674  252643.044  252422.372  252190.247  251951.249  251709.866  251470.415  251236.972  251013.308  250802.835  250608.561  250433.055  250278.421  250146.280  250037.771  249953.546  249893.793  249858.245  249846.220  249856.646  249888.109  249938.891  250007.023  250090.332  250186.493  250293.080  250407.619  250527.630  250650.681  250774.423  250896.633  251015.246  251128.385  251234.380  251331.794  251419.427  251496.333  251561.813  251615.418  251656.942  251686.408  251704.057  251710.324  251705.825  251691.329  251667.736  251636.053  
253591.970  253586.415  253573.848  253554.021  253526.800  253492.166  253450.229  253401.229  253345.547  253283.699  253216.344  253144.275  253068.417  252989.818  252909.637  252829.133  252749.647  252672.582  252599.388  252531.530  252470.471  252417.641  252374.412  252342.070  252321.787  252314.594  252321.354  252342.736  252379.196  252430.953  252497.975  252579.963  252676.343  252786.263  252908.591  253041.920  253184.581  253334.654  253489.995  253648.258  253806.930  253963.363  254114.816  254258.500  254391.624  254511.442  254615.310  254700.729  254765.403  254807.286  254824.631  254816.032  254780.466  254717.329  254626.462  254508.179  254363.275  254193.037  253999.243  253784.146  253550.459  253301.327  253040.282  252771.206  252498.268  252225.867  251958.564  251701.005  251457.844  251233.663  251032.886  250859.701  250717.970  250611.159  250542.256  250513.706  250527.349  250584.366  250685.240  250829.720  251016.805  251244.737  251511.008  251812.379  252144.915  252504.036  252884.572  253280.840  253686.728  254095.788  254501.340  254896.583  255274.706  255629.013  255953.037  256240.660  256486.230  256684.668  256831.575  256923.318  256957.116  256931.109  256844.404  256697.122  256490.410  256226.445  255908.421  255540.509  255127.808  254676.273  254192.629  253684.269  253159.134  252625.591  252092.291  251568.026  251061.576  250581.561  250136.284  249733.586  249380.702  249084.126  248849.488  248681.446  248583.592  248558.374  248607.044  248729.616  248924.858  249190.295  249522.238  249915.840  250365.167  250863.286  251402.385  251973.891  252568.621  253176.932  253788.885  254394.417  254983.513  255546.381  256073.623  256556.400  256986.588  257356.922  257661.124  257894.019  258051.625  258131.227  258131.424  258052.162  257894.730  257661.744  257357.098  256985.902  256554.386  256069.799  255540.273  254974.689  254382.513  253773.639  253158.204  252546.423  251948.403  251373.967  250832.492  250332.738  249882.705  249489.496  249159.198  248896.784  248706.032  248589.469  248548.339  248582.586  248690.872  248870.609  249118.019  249428.206  249795.262  250212.373  250671.954  251165.787  251685.177  252221.108  252764.402  253305.890  253836.565  254347.743  254831.209  255279.353  255685.298  256043.004  256347.367  256594.287  256780.726  256904.745  256965.512  256963.302  256899.466  256776.393  256597.440  256366.856  256089.690  255771.682  255419.146  255038.848  254637.876  254223.503  253803.057  253383.788  252972.744  252576.645  252201.778  251853.892  251538.112  251258.863  251019.810  250823.814  250672.905  250568.266  250510.239  250498.343  250531.306  250607.113  250723.064  250875.846  251061.607  251276.050  251514.516  251772.086  252043.676  252324.135  252608.338  252891.279  253168.158  253434.458  253686.018  253919.094  254130.412  254317.209  254477.262  254608.912  254711.067  254783.201  254825.342  254838.047  254822.372  254779.830  254712.348  254622.209  254512.000  254384.548  254242.859  254090.058  253929.322  253763.823  253596.667  253430.846  253269.181  253114.284  252968.519  252833.969  252712.414  252605.311  252513.785  252438.623  252380.279  252338.883  252314.251  252305.911  252313.122  252334.904  252370.068  252417.251  252474.947  252541.547  252615.372  252694.705  252777.832  252863.067  252948.782  253033.439  253115.606  253193.982  253267.412  253334.898  253395.611  253448.893  253494.261  253531.403  253560.176  253580.595  253592.827  253597.175  253594.063  253584.024  253567.682  253545.735  
255352.246  255349.106  255341.991  255330.764  255315.345  255295.725  255271.966  255244.202  255212.650  255177.602  255139.431  255098.586  255055.590  255011.039  254965.588  254919.951  254874.889  254831.197  254789.695  254751.217  254716.591  254686.628  254662.106  254643.756  254632.242  254628.149  254631.967  254644.077  254664.737  254694.073  254732.067  254778.551  254833.199  254895.530  254964.901  255040.517  255121.429  255206.550  255294.665  255384.443  255474.457  255563.207  255649.138  255730.666  255806.208  255874.205  255933.157  255981.646  256018.367  256042.159  256052.028  256047.176  256027.022  255991.220  255939.681  255872.579  255790.365  255693.768  255583.796  255461.726  255329.098  255187.694  255039.521  254886.779  254731.836  254577.189  254425.427  254279.187  254141.113  254013.806  253899.780  253801.412  253720.899  253660.208  253621.039  253604.782  253612.483  253644.817  253702.059  253784.068  253890.280  254019.697  254170.896  254342.041  254530.898  254734.867  254951.013  255176.108  255406.682  255639.071  255869.482  256094.049  256308.904  256510.240  256694.382  256857.853  256997.439  257110.252  257193.790  257245.986  257265.256  257250.541  257201.330  257117.689  257000.266  256850.296  256669.591  256460.519  256225.976  255969.345  255694.446  255405.481  255106.962  254803.645  254500.448  254202.369  253914.401  253641.446  253388.226  253159.201  252958.487  252789.779  252656.282  252560.648  252504.923  252490.503  252518.103  252587.736  252698.704  252849.602  253038.339  253262.158  253517.688  253800.989  254107.617  254432.700  254771.015  255117.076  255465.230  255809.751  256144.942  256465.231  256765.268  257040.022  257284.868  257495.669  257668.850  257801.462  257891.236  257936.621  257936.819  257891.792  257802.271  257669.741  257496.414  257285.195  257039.628  256763.835  256462.443  256140.506  255803.411  255456.788  255106.410  254758.090  254417.584  254090.487  253782.138  253497.527  253241.211  253017.239  252829.080  252679.569  252570.860  252504.398  252480.893  252500.319  252561.916  252664.216  252805.069  252981.691  253190.717  253428.271  253690.034  253971.326  254267.195  254572.505  254882.030  255190.544  255492.916  255784.197  256059.704  256315.101  256546.465  256750.354  256923.856  257064.631  257170.946  257241.691  257276.390  257275.195  257238.875  257168.786  257066.841  256935.457  256777.511  256596.272  256395.338  256178.565  255949.991  255713.763  255474.058  255235.010  255000.637  254774.772  254561.000  254362.601  254182.499  254023.219  253886.853  253775.036  253688.926  253629.201  253596.059  253589.227  253607.983  253651.179  253717.278  253804.390  253910.323  254032.624  254168.638  254315.559  254470.489  254630.488  254792.634  254954.069  255112.055  255264.013  255407.570  255540.587  255661.195  255767.816  255859.182  255934.341  255992.671  256033.870  256057.951  256065.231  256056.312  256032.056  255993.561  255942.130  255879.237  255806.497  255725.624  255638.402  255546.643  255452.160  255356.725  255262.046  255169.734  255081.282  254998.040  254921.197  254851.771  254790.594  254738.310  254695.369  254662.032  254638.373  254624.289  254619.510  254623.613  254636.041  254656.115  254683.056  254716.005  254754.043  254796.211  254841.529  254889.017  254937.713  254986.686  255035.058  255082.009  255126.797  255168.761  255207.331  255242.032  255272.489  255298.423  255319.658  255336.110  255347.789  255354.788  255357.280  255355.508  255349.776  255340.441  255327.900  
256999.355  256998.546  256996.696  256993.770  256989.746  256984.621  256978.409  256971.148  256962.891  256953.715  256943.718  256933.016  256921.746  256910.064  256898.142  256886.166  256874.337  256862.862  256851.958  256841.843  256832.735  256824.848  256818.386  256813.543  256810.494  256809.394  256810.372  256813.531  256818.938  256826.628  256836.599  256848.807  256863.167  256879.555  256897.803  256917.700  256939.001  256961.418  256984.632  257008.294  257032.026  257055.435  257078.110  257099.632  257119.584  257137.554  257153.145  257165.980  257175.715  257182.041  257184.693  257183.460  257178.183  257168.772  257155.198  257137.507  257115.814  257090.311  257061.261  257029.000  256993.934  256956.532  256917.325  256876.894  256835.864  256794.897  256754.678  256715.906  256679.283  256645.499  256615.222  256589.084  256567.670  256551.504  256541.041  256536.651  256538.618  256547.122  256562.241  256583.942  256612.077  256646.387  256686.496  256731.920  256782.068  256836.252  256893.695  256953.539  257014.863  257076.693  257138.021  257197.817  257255.051  257308.708  257357.808  257401.421  257438.690  257468.840  257491.201  257505.217  257510.462  257506.648  257493.634  257471.432  257440.209  257400.290  257352.154  257296.428  257233.880  257165.411  257092.036  257014.876  256935.134  256854.079  256773.025  256693.309  256616.265  256543.207  256475.400  256414.040  256360.232  256314.970  256279.116  256253.385  256238.332  256234.336  256241.595  256260.120  256289.729  256330.052  256380.535  256440.445  256508.882  256584.794  256666.995  256754.179  256844.947  256937.830  257031.309  257123.849  257213.918  257300.018  257380.709  257454.635  257520.550  257577.337  257624.028  257659.826  257684.114  257696.467  257696.664  257684.688  257660.729  257625.180  257578.630  257521.855  257455.804  257381.583  257300.435  257213.717  257122.879  257029.437  256934.946  256840.976  256749.077  256660.763  256577.476  256500.567  256431.269  256370.680  256319.743  256279.229  256249.727  256231.632  256225.143  256230.261  256246.785  256274.326  256312.308  256359.983  256416.447  256480.654  256551.441  256627.543  256707.622  256790.289  256874.130  256957.728  257039.693  257118.682  257193.423  257262.739  257325.561  257380.953  257428.120  257466.421  257495.382  257514.696  257524.228  257524.014  257514.257  257495.321  257467.719  257432.105  257389.255  257340.055  257285.480  257226.575  257164.437  257100.193  257034.978  256969.918  256906.105  256844.586  256786.338  256732.256  256683.140  256639.680  256602.450  256571.899  256548.348  256531.984  256522.866  256520.924  256525.964  256537.677  256555.647  256579.362  256608.226  256641.572  256678.677  256718.777  256761.081  256804.787  256849.096  256893.227  256936.431  256978.003  257017.291  257053.710  257086.746  257115.964  257141.016  257161.639  257177.660  257188.992  257195.638  257197.682  257195.285  257188.683  257178.172  257164.110  257146.898  257126.977  257104.816  257080.905  257055.739  257029.815  257003.620  256977.623  256952.267  256927.962  256905.080  256883.948  256864.848  256848.010  256833.611  256821.778  256812.582  256806.047  256802.145  256800.804  256801.908  256805.305  256810.810  256818.209  256827.267  256837.730  256849.336  256861.816  256874.898  256888.318  256901.820  256915.161  256928.114  256940.476  256952.062  256962.716  256972.305  256980.724  256987.898  256993.775  256998.333  257001.573  257003.520  257004.221  257003.743  257002.169  256999.598  256996.138  
258544.978  258546.416  258549.645  258554.727  258561.694  258570.551  258581.269  258593.784  258607.999  258623.781  258640.961  258659.337  258678.672  258698.697  258719.118  258739.614  258759.842  258779.446  258798.057  258815.303  258830.811  258844.220  258855.180  258863.367  258868.484  258870.271  258868.510  258863.033  258853.726  258840.537  258823.474  258802.618  258778.115  258750.184  258719.114  258685.264  258649.060  258610.989  258571.597  258531.479  258491.273  258451.650  258413.305  258376.942  258343.270  258312.980  258286.742  258265.185  258248.888  258238.365  258234.055  258236.311  258245.388  258261.433  258284.484  258314.456  258351.145  258394.222  258443.234  258497.608  258556.655  258619.580  258685.487  258753.396  258822.254  258890.948  258958.330  259023.228  259084.470  259140.903  259191.415  259234.954  259270.550  259297.336  259314.563  259321.622  259318.056  259303.573  259278.058  259241.582  259194.401  259136.965  259069.910  258994.057  258910.399  258820.093  258724.441  258624.875  258522.931  258420.231  258318.452  258219.301  258124.485  258035.683  257954.513  257882.506  257821.073  257771.481  257734.828  257712.014  257703.729  257710.431  257732.334  257769.399  257821.330  257887.573  257967.320  258059.519  258162.888  258275.929  258396.956  258524.115  258655.418  258788.770  258922.008  259052.936  259179.363  259299.137  259410.190  259510.569  259598.476  259672.296  259730.634  259772.336  259796.517  259802.577  259790.215  259759.437  259710.563  259644.219  259561.335  259463.128  259351.084  259226.938  259092.642  258950.335  258802.306  258650.958  258498.764  258348.228  258201.838  258062.025  257931.122  257811.318  257704.625  257612.840  257537.513  257479.918  257441.033  257421.522  257421.718  257441.625  257480.911  257538.915  257614.661  257706.872  257813.994  257934.221  258065.532  258205.720  258352.436  258503.228  258655.582  258806.971  258954.895  259096.926  259230.747  259354.199  259465.310  259562.331  259643.767  259708.399  259755.303  259783.866  259793.793  259785.108  259758.152  259713.576  259652.322  259575.608  259484.900  259381.887  259268.447  259146.610  259018.525  258886.417  258752.548  258619.179  258488.526  258362.725  258243.795  258133.606  258033.842  257945.984  257871.280  257810.729  257765.070  257734.770  257720.025  257720.757  257736.624  257767.032  257811.147  257867.918  257936.097  258014.270  258100.882  258194.266  258292.683  258394.345  258497.455  258600.233  258700.955  258797.974  258889.754  258974.889  259052.130  259120.397  259178.801  259226.645  259263.441  259288.906  259302.964  259305.738  259297.547  259278.889  259250.432  259212.989  259167.508  259115.043  259056.735  258993.788  258927.445  258858.967  258789.603  258720.575  258653.054  258588.140  258526.844  258470.078  258418.635  258373.186  258334.268  258302.282  258277.488  258260.010  258249.837  258246.828  258250.724  258261.150  258277.636  258299.622  258326.476  258357.508  258391.985  258429.147  258468.221  258508.434  258549.033  258589.292  258628.525  258666.100  258701.445  258734.057  258763.505  258789.438  258811.586  258829.760  258843.854  258853.837  258859.758  258861.733  258859.944  258854.630  258846.080  258834.628  258820.638  258804.502  258786.626  258767.426  258747.318  258726.710  258705.993  258685.541  258665.698  258646.779  258629.061  258612.784  258598.148  258585.310  258574.386  258565.448  258558.532  258553.631  258550.704  258549.677  258550.448  258552.885  258556.838  258562.139  
259999.217  260002.823  260010.947  260023.748  260041.311  260063.645  260090.680  260122.259  260158.136  260197.975  260241.354  260287.758  260336.593  260387.183  260438.781  260490.577  260541.708  260591.269  260638.331  260681.950  260721.187  260755.124  260782.878  260803.625  260816.613  260821.183  260816.781  260802.980  260779.490  260746.174  260703.054  260650.325  260588.360  260517.708  260439.100  260353.441  260261.806  260165.428  260065.688  259964.090  259862.251  259761.869  259664.704  259572.545  259487.182  259410.373  259343.814  259289.105  259247.714  259220.950  259209.930  259215.550  259238.461  259279.045  259337.399  259413.317  259506.283  259615.467  259739.725  259877.610  260027.377  260187.010  260354.241  260526.584  260701.365  260875.767  261046.869  261211.699  261367.277  261510.674  261639.062  261749.765  261840.316  261908.504  261952.424  261970.518  261961.619  261924.978  261860.295  261767.739  261647.957  261502.084  261331.730  261138.973  260926.334  260696.748  260453.523  260200.294  259940.970  259679.672  259420.668  259168.301  258926.918  258700.794  258494.052  258310.593  258154.017  258027.559  257934.019  257875.703  257854.376  257871.215  257926.776  258020.971  258153.057  258321.634  258524.653  258759.444  259022.746  259310.753  259619.172  259943.283  260278.020  260618.047  260957.851  261291.828  261614.388  261920.042  262203.506  262459.793  262684.303  262872.913  263022.046  263128.750  263190.751  263206.504  263175.228  263096.926  262972.398  262803.234  262591.791  262341.168  262055.152  261738.161  261395.174  261031.650  260653.434  260266.662  259877.653  259492.805  259118.482  258760.903  258426.034  258119.485  257846.408  257611.409  257418.461  257270.841  257171.062  257120.834  257121.030  257171.670  257271.920  257420.105  257613.737  257849.562  258123.612  258431.277  258767.386  259126.300  259502.005  259888.224  260278.524  260666.426  261045.525  261409.595  261752.698  262069.287  262354.302  262603.250  262812.286  262978.273  263098.829  263172.369  263198.119  263176.129  263107.261  262993.168  262836.256  262639.638  262407.065  262142.860  261851.835  261539.196  261210.452  260871.312  260527.584  260185.069  259849.463  259526.256  259220.638  258937.415  258680.927  258454.984  258262.803  258106.964  257989.374  257911.249  257873.101  257874.745  257915.313  257993.286  258106.532  258252.357  258427.562  258628.516  258851.224  259091.408  259344.591  259606.178  259871.543  260136.110  260395.434  260645.276  260881.675  261101.008  261300.051  261476.018  261626.607  261750.020  261844.988  261910.774  261947.171  261954.492  261933.547  261885.614  261812.403  261716.008  261598.862  261463.679  261313.397  261151.118  260980.046  260803.428  260624.489  260446.382  260272.127  260104.565  259946.312  259799.720  259666.844  259549.420  259448.838  259366.138  259302.001  259256.751  259230.365  259222.487  259232.447  259259.289  259301.798  259358.532  259427.864  259508.012  259597.086  259693.120  259794.117  259898.083  260003.068  260107.193  260208.688  260305.913  260397.387  260481.803  260558.049  260625.212  260682.589  260729.690  260766.232  260792.140  260807.529  260812.701  260808.122  260794.411  260772.314  260742.690  260706.484  260664.706  260618.411  260568.675  260516.573  260463.162  260409.460  260356.434  260304.977  260255.904  260209.938  260167.702  260129.714  260096.385  260068.014  260044.796  260026.819  260014.071  260006.446  260003.754  260005.727  260012.031  260022.274  260036.020  
261370.863  261376.556  261389.397  261409.633  261437.401  261472.718  261515.471  261565.413  261622.154  261685.167  261753.781  261827.184  261904.436  261984.466  262066.095  262148.041  262228.937  262307.356  262381.823  262450.846  262512.940  262566.649  262610.580  262643.425  262663.996  262671.246  262664.301  262642.482  262605.330  262552.626  262484.406  262400.978  262302.927  262191.124  262066.725  261931.161  261786.132  261633.591  261475.720  261314.903  261153.696  260994.789  260840.966  260695.061  260559.906  260438.288  260332.891  260246.247  260180.685  260138.277  260120.792  260129.653  260165.890  260230.112  260322.472  260442.646  260589.820  260762.681  260959.421  261177.746  261414.899  261667.685  261932.517  262205.455  262482.267  262758.491  263029.502  263290.590  263537.038  263764.203  263967.604  264143.003  264286.488  264394.558  264464.189  264492.914  264478.878  264420.892  264318.481  264171.906  263982.193  263751.133  263481.276  263175.911  262839.032  262475.285  262089.910  261688.666  261277.746  260863.679  260453.227  260053.276  259670.713  259312.313  258984.614  258693.798  258445.577  258245.078  258096.741  258004.228  257970.338  257996.941  258084.923  258234.149  258443.444  258710.593  259032.354  259404.496  259821.854  260278.397  260767.320  261281.145  261811.840  262350.948  262889.725  263419.290  263930.775  264415.477  264865.016  265271.481  265627.576  265926.755  266163.348  266332.664  266431.096  266456.186  266406.691  266282.612  266085.211  265817.004  265481.728  265084.291  264630.695  264127.946  263583.938  263007.327  262407.384  261793.838  261176.717  260566.168  259972.288  259404.944  258873.606  258387.174  257953.828  257580.876  257274.632  257040.294  256881.858  256802.042  256802.238  256882.482  257041.455  257276.506  257583.693  257957.854  258392.698  258880.912  259414.295  259983.896  260580.176  261193.171  261812.671  262428.396  263030.175  263608.125  264152.818  264655.448  265107.976  265503.268  265835.216  266098.834  266290.336  266407.199  266448.191  266413.385  266304.145  266123.089  265874.036  265561.918  265192.693  264773.221  264311.136  263814.706  263292.677  262754.113  262208.236  261664.262  261131.235  260617.875  260132.429  259682.530  259275.077  258916.123  258610.781  258363.155  258176.278  258052.085  257991.395  257993.917  258058.278  258182.068  258361.905  258593.511  258871.810  259191.033  259544.837  259926.426  260328.688  260744.324  261165.982  261586.393  261998.491  262395.540  262771.244  263119.845  263436.214  263715.923  263955.310  264151.515  264302.518  264407.144  264465.060  264476.760  264443.530  264367.398  264251.077  264097.896  263911.718  263696.856  263457.980  263200.019  262928.066  262647.281  262362.794  262079.616  261802.549  261536.111  261284.462  261051.345  260840.029  260653.273  260493.293  260361.743  260259.708  260187.707  260145.704  260133.135  260148.937  260191.591  260259.166  260349.373  260459.621  260587.081  260728.745  260881.488  261042.133  261207.511  261374.515  261540.161  261701.629  261856.312  262001.852  262136.171  262257.495  262364.372  262455.684  262530.649  262588.816  262630.062  262654.572  262662.823  262655.557  262633.757  262598.611  262551.483  262493.877  262427.400  262353.730  262274.578  262191.658  262106.649  262021.175  261936.771  261854.861  261776.743  261703.567  261636.325  261575.844  261522.775  261477.600  261440.626  261411.995  261391.687  261379.537  261375.241  261378.373  261388.401  261404.703  261426.583  
262667.603  262675.305  262692.684  262720.077  262757.669  262805.483  262863.365  262930.982  263007.808  263093.127  263186.030  263285.422  263390.025  263498.395  263608.930  263719.897  263829.445  263935.639  264036.486  264129.963  264214.057  264286.799  264346.300  264390.791  264418.660  264428.490  264419.097  264389.561  264339.259  264267.893  264175.513  264062.533  263929.748  263778.336  263609.859  263426.258  263229.835  263023.234  262809.408  262591.588  262373.236  262157.995  261949.636  261751.996  261568.914  261404.164  261261.382  261144.000  261055.171  260997.705  260973.998  260985.978  261035.042  261122.016  261247.108  261409.882  261609.235  261843.390  262109.898  262405.653  262726.919  263069.372  263428.150  263797.917  264172.941  264547.175  264914.355  265268.098  265602.013  265909.810  266185.417  266423.089  266617.528  266763.985  266858.366  266897.323  266878.342  266799.812  266661.084  266462.513  266205.486  265892.428  265526.793  265113.037  264656.568  264163.681  263641.478  263097.761  262540.919  261979.802  261423.573  260881.561  260363.103  259877.379  259433.250  259039.098  258702.661  258430.892  258229.810  258104.380  258058.398  258094.399  258213.588  258415.784  258699.399  259061.430  259497.487  260001.839  260567.486  261186.256  261848.927  262545.365  263264.682  263995.418  264725.720  265443.551  266136.889  266793.937  267403.334  267954.356  268437.110  268842.721  269163.498  269393.084  269526.582  269560.661  269493.628  269325.485  269057.939  268694.397  268239.924  267701.168  267086.265  266404.712  265667.208  264885.486  264072.114  263240.285  262403.589  261575.788  260770.569  260001.313  259280.859  258621.278  258033.661  257527.922  257112.620  256794.811  256579.914  256471.618  256471.813  256580.552  256796.051  257114.717  257531.208  258038.527  258628.145  259290.151  260013.423  260785.826  261594.423  262425.706  263265.828  264100.847  264916.972  265700.796  266439.534  267121.241  267735.012  268271.171  268721.430  269079.024  269338.816  269497.381  269553.045  269505.903  269357.802  269112.291  268774.544  268351.251  267850.489  267281.560  266654.819  265981.477  265273.397  264542.873  263802.414  263064.521  262341.462  261645.067  260986.522  260376.187  259823.419  259336.432  258922.165  258586.187  258332.617  258164.080  258081.691  258085.058  258172.321  258340.214  258584.149  258898.326  259275.860  259708.926  260188.918  260706.620  261252.382  261816.300  262388.402  262958.823  263517.977  264056.725  264566.520  265039.550  265468.854  265848.423  266173.284  266439.557  266644.498  266786.509  266865.139  266881.055  266836.000  266732.723  266574.906  266367.064  266114.439  265822.881  265498.726  265148.663  264779.605  264398.552  264012.468  263628.150  263252.119  262890.506  262548.957  262232.552  261945.732  261692.239  261475.084  261296.512  261157.998  261060.247  261003.211  260986.127  261007.553  261065.427  261157.130  261279.556  261429.190  261602.191  261794.477  262001.806  262219.867  262444.357  262671.061  262895.924  263115.121  263325.112  263522.695  263705.048  263869.763  264014.869  264138.847  264240.632  264319.614  264375.624  264408.914  264420.129  264410.277  264380.691  264332.984  264269.007  264190.801  264100.549  264000.529  263893.063  263780.478  263665.055  263548.997  263434.388  263323.166  263217.089  263117.721  263026.410  262944.276  262872.208  262810.857  262760.642  262721.754  262694.171  262677.665  262671.824  262676.072  262689.685  262711.819  262741.529  
263896.188  263905.822  263927.568  263961.845  264008.886  264068.719  264141.155  264225.773  264321.917  264428.691  264544.959  264669.348  264800.261  264935.889  265074.229  265213.110  265350.218  265483.130  265609.350  265726.348  265831.604  265922.654  265997.132  266052.824  266087.713  266100.026  266088.278  266051.318  265988.367  265899.051  265783.431  265642.027  265475.832  265286.320  265075.447  264845.640  264599.782  264341.180  264073.533  263800.883  263527.564  263258.136  262997.319  262749.917  262520.735  262314.497  262135.756  261988.807  261877.599  261805.648  261775.956  261790.936  261852.339  261961.198  262117.775  262321.524  262571.067  262864.179  263197.795  263568.028  263970.202  264398.903  264848.046  265310.952  265780.444  266248.952  266708.635  267151.501  267569.549  267954.905  268299.964  268597.537  268840.987  269024.369  269142.555  269191.355  269167.618  269069.326  268895.666  268647.082  268325.306  267933.376  267475.614  266957.597  266386.097  265768.994  265115.178  264434.417  263737.217  263034.655  262338.204  261659.547  261010.373  260402.178  259846.059  259352.508  258931.219  258590.896  258339.079  258181.986  258124.372  258169.414  258318.621  258571.768  258926.869  259380.166  259926.163  260557.685  261265.968  262040.782  262870.578  263742.668  264643.419  265558.478  266473.006  267371.927  268240.187  269063.012  269826.174  270516.242  271120.827  271628.814  272030.567  272318.125  272485.354  272528.077  272444.177  272233.649  271898.632  271443.389  270874.260  270199.572  269429.512  268575.968  267652.343  266673.329  265654.663  264612.869  263564.969  262528.195  261519.693  260556.220  259653.859  258827.728  258091.720  257458.253  256938.052  256539.952  256270.745  256135.055  256135.249  256271.397  256541.268  256940.361  257461.990  258097.392  258835.886  259665.060  260570.983  261538.458  262551.281  263592.532  264644.867  265690.823  266713.123  267694.976  268620.364  269474.322  270243.191  270914.849  271478.910  271926.898  272252.378  272451.055  272520.832  272461.824  272276.343  271968.833  271545.773  271015.542  270388.256  269675.567  268890.445  268046.934  267159.893  266244.725  265317.101  264392.678  263486.830  262614.375  261789.330  261024.672  260332.127  259721.987  259202.947  258781.983  258464.261  258253.071  258149.810  258153.989  258263.282  258473.596  258779.187  259172.788  259645.775  260188.344  260789.716  261438.343  262122.136  262828.686  263545.498  264260.213  264960.819  265635.864  266274.640  266867.358  267405.292  267880.915  268287.993  268621.665  268878.488  269056.460  269155.014  269174.985  269118.555  268989.169  268791.437  268531.017  268214.476  267849.145  267442.962  267004.308  266541.845  266064.345  265580.534  265098.932  264627.708  264174.547  263746.524  263350.006  262990.558  262672.872  262400.721  262176.920  262003.316  261880.795  261809.300  261787.872  261814.708  261887.222  262002.134  262155.551  262343.070  262559.877  262800.855  263060.691  263333.980  263615.329  263899.457  264181.281  264456.007  264719.198  264966.841  265195.398  265401.851  265583.729  265739.127  265866.710  265965.714  266035.926  266077.661  266091.727  266079.388  266042.312  265982.523  265902.339  265804.319  265691.198  265565.832  265431.131  265290.010  265145.332  264999.856  264856.195  264716.776  264583.806  264459.245  264344.780  264241.820  264151.475  264074.565  264011.613  263962.861  263928.278  263907.582  263900.256  263905.577  263922.639  263950.382  263987.624  
265062.576  265074.068  265100.010  265140.904  265197.028  265268.415  265354.838  265455.798  265570.511  265697.908  265836.632  265985.049  266141.250  266303.079  266468.144  266633.857  266797.454  266956.047  267106.655  267246.262  267371.859  267480.505  267569.380  267635.839  267677.475  267692.173  267678.162  267634.067  267558.958  267452.388  267314.431  267145.706  266947.397  266721.264  266469.639  266195.420  265902.045  265593.461  265274.082  264948.730  264622.577  264301.065  263989.826  263694.593  263421.101  263174.985  262961.680  262786.312  262653.592  262567.719  262532.274  262550.137  262623.400  262753.294  262940.134  263183.269  263481.054  263830.835  264228.955  264670.776  265150.717  265662.320  266198.321  266750.751  267311.044  267870.169  268418.764  268947.295  269446.211  269906.116  270317.933  270673.081  270963.641  271182.514  271323.582  271381.842  271353.534  271236.248  271029.011  270732.353  270348.343  269880.601  269334.287  268716.056  268033.988  267297.490  266517.169  265704.683  264872.570  264034.052  263202.822  262392.823  261618.006  260892.093  260228.327  259639.235  259136.386  258730.170  258429.588  258242.061  258173.266  258226.998  258405.057  258707.179  259130.991  259672.012  260323.683  261077.440  261922.825  262847.627  263838.063  264878.988  265954.131  267046.362  268137.966  269210.950  270247.343  271229.513  272140.473  272964.192  273685.881  274292.269  274771.858  275115.138  275314.788  275365.821  275265.707  275014.440  274614.570  274071.184  273391.850  272586.504  271667.306  270648.448  269545.924  268377.272  267161.280  265917.669  264666.759  263429.122  262225.224  261075.072  259997.861  259011.643  258133.002  257376.765  256755.733  256280.459  255959.050  255797.028  255797.221  255959.715  256281.847  256758.247  257380.933  258139.448  259021.042  260010.896  261092.384  262247.361  263456.485  264699.557  265955.870  267204.579  268425.054  269597.251  270702.045  271721.572  272639.521  273441.419  274114.866  274649.741  275038.361  275275.594  275358.936  275288.523  275067.112  274700.009  274194.946  273561.927  272813.026  271962.155  271024.798  270017.720  268958.663  267866.016  266758.488  265654.774  264573.229  263531.546  262546.460  261633.467  260806.569  260078.054  259458.306  258955.655  258576.270  258324.081  258200.758  258205.718  258336.185  258587.275  258952.129  259422.072  259986.808  260634.633  261352.675  262127.147  262943.614  263787.262  264643.170  265496.579  266333.149  267139.204  267901.957  268609.717  269252.068  269820.018  270306.123  270704.578  271011.270  271223.807  271341.513  271365.383  271298.019  271143.536  270907.439  270596.481  270218.504  269782.262  269297.233  268773.425  268221.181  267650.977  267073.232  266498.119  265935.396  265394.238  264883.097  264409.574  263980.316  263600.927  263275.913  263008.637  262801.306  262654.977  262569.583  262543.980  262576.015  262662.602  262799.822  262983.028  263206.961  263465.874  263753.656  264063.961  264390.335  264726.338  265065.662  265402.238  265730.338  266044.665  266340.425  266613.394  266859.966  267077.189  267262.787  267415.169  267533.418  267617.281  267667.133  267683.940  267669.209  267624.935  267553.532  267457.770  267340.704  267205.602  267055.872  266894.993  266726.445  266553.646  266379.892  266208.306  266041.785  265882.966  265734.188  265597.469  265474.490  265366.578  265274.712  265199.517  265141.283  265099.973  265075.249  265066.496  265072.848  265093.224  265126.360  265170.840  
266172.047  266185.323  266215.296  266262.546  266327.393  266409.876  266509.735  266626.390  266758.938  266906.143  267066.438  267237.932  267418.422  267605.416  267796.151  267987.634  268176.675  268359.933  268533.967  268695.288  268840.423  268965.970  269068.672  269145.472  269193.590  269210.579  269194.394  269143.445  269056.658  268933.517  268774.105  268579.139  268349.985  268088.678  267797.912  267481.036  267142.021  266785.431  266416.363  266040.392  265663.493  265291.955  264932.287  264591.113  264275.060  263990.642  263744.139  263541.475  263388.094  263288.848  263247.878  263268.511  263353.164  263503.263  263719.170  264000.134  264344.254  264748.465  265208.541  265719.120  266273.757  266864.985  267484.412  268122.829  268770.336  269416.495  270050.490  270661.301  271237.890  271769.398  272245.335  272655.784  272991.591  273244.554  273407.600  273474.947  273442.247  273306.717  273067.231  272724.400  272280.613  271740.055  271108.688  270394.203  269605.937  268754.760  267852.932  266913.926  265952.232  264983.129  264022.445  263086.293  262190.797  261351.817  260584.660  259903.801  259322.615  258853.109  258505.688  258288.929  258209.396  258271.473  258477.245  258826.406  259316.215  259941.494  260694.663  261565.826  262542.895  263611.759  264756.488  265959.577  267202.223  268464.624  269726.309  270966.478  272164.362  273299.580  274352.500  275304.589  276138.755  276839.658  277394.005  277790.807  278021.597  278080.612  277964.925  277674.528  277212.367  276584.321  275799.136  274868.295  273805.852  272628.210  271353.855  270003.059  268597.535  267160.081  265714.183  264283.618  262892.045  261562.588  260317.437  259177.456  258161.818  257287.660  256569.782  256020.382  255648.834  255461.519  255461.712  255649.510  256021.839  256572.491  257292.243  258169.006  259188.046  260332.232  261582.348  262917.419  264315.090  265752.008  267204.242  268647.691  270058.513  271413.534  272690.648  273869.201  274930.340  275857.333  276635.845  277254.175  277703.439  277977.706  278074.076  277992.709  277736.789  277312.446  276728.621  275996.874  275131.163  274147.569  273063.991  271899.809  270675.531  269412.417  268132.092  266856.170  265605.869  264401.643  263262.840  262207.372  261251.429  260409.215  259692.737  259111.626  258673.014  258381.446  258238.853  258244.564  258395.369  258685.623  259107.398  259650.668  260303.528  261052.450  261882.553  262777.899  263721.800  264697.129  265686.638  266673.262  267640.425  268572.313  269454.145  270272.404  271015.046  271671.676  272233.687  272694.365  273048.955  273294.694  273430.794  273458.408  273380.542  273201.954  272929.007  272569.508  272132.523  271628.171  271067.411  270461.813  269823.335  269164.088  268496.119  267831.190  267180.582  266554.904  265963.927  265416.442  264920.132  264481.478  264105.690  263796.656  263556.929  263387.732  263288.988  263259.376  263296.404  263396.508  263555.155  263766.973  264025.882  264325.238  264657.974  265016.755  265394.117  265782.615  266174.954  266564.119  266943.486  267306.929  267648.905  267964.531  268249.637  268500.809  268715.416  268891.615  269028.350  269125.324  269182.973  269202.412  269185.385  269134.196  269051.638  268940.913  268805.554  268649.339  268476.209  268290.185  268095.293  267895.484  267694.570  267496.161  267303.609  267119.961  266947.923  266789.829  266647.621  266522.837  266416.605  266329.652  266262.310  266214.539  266185.946  266175.821  266183.164  266206.724  266245.039  266296.473  
267229.295  267244.284  267278.125  267331.474  267404.694  267497.828  267610.581  267742.300  267891.966  268058.181  268239.178  268432.820  268636.623  268847.769  269063.141  269279.358  269492.818  269699.749  269896.265  270078.428  270242.313  270384.082  270500.054  270586.780  270641.118  270660.306  270642.034  270584.508  270486.514  270347.468  270167.465  269947.312  269688.555  269393.489  269065.157  268707.340  268324.523  267921.857  267505.101  267080.547  266654.944  266235.393  265829.245  265443.978  265087.078  264765.900  264487.534  264258.671  264085.461  263973.381  263927.107  263950.398  264045.984  264215.474  264459.279  264776.550  265165.141  265621.592  266141.129  266717.701  267344.027  268011.677  268711.173  269432.116  270163.328  270893.020  271608.978  272298.758  272949.895  273550.124  274087.601  274551.126  274930.360  275216.042  275400.181  275476.248  275439.335  275286.295  275015.857  274628.710  274127.552  273517.108  272804.111  271997.244  271107.053  270145.813  269127.366  268066.931  266980.869  265886.437  264801.508  263744.278  262732.960  261785.462  260919.072  260150.140  259493.768  258963.519  258571.143  258326.329  258236.489  258306.577  258538.946  258933.253  259486.404  260192.551  261043.134  262026.978  263130.433  264337.562  265630.376  266989.105  268392.514  269818.239  271243.160  272643.788  273996.666  275278.774  276467.940  277543.235  278485.352  279276.967  279903.066  280351.235  280611.913  280678.589  280547.955  280220.003  279698.057  278988.758  278101.980  277050.694  275850.769  274520.732  273081.460  271555.847  269968.419  268344.921  266711.879  265096.150  263524.452  262022.904  260616.569  259329.012  258181.888  257194.554  256383.727  255763.183  255343.512  255131.924  255132.115  255344.201  255764.706  256386.623  257199.535  258189.789  259340.744  260633.054  262045.013  263552.933  265131.563  266754.530  268394.801  270025.157  271618.667  273149.156  274591.656  275922.838  277121.406  278168.461  279047.811  279746.238  280253.707  280563.517  280672.393  280580.511  280291.470  279812.192  279152.772  278326.270  277348.449  276237.472  275013.555  273698.589  272315.739  270889.014  269442.846  268001.644  266589.376  265229.147  263942.810  262750.600  261670.803  260719.465  259910.148  259253.734  258758.277  258428.914  258267.826  258274.258  258444.582  258772.425  259248.832  259862.478  260599.918  261445.869  262383.524  263394.881  264461.089  265562.802  266680.536  267795.017  268887.518  269940.178  270936.298  271860.610  272699.509  273441.251  274076.114  274596.512  274997.075  275274.678  275428.433  275459.640  275371.696  275169.973  274861.658  274455.571  273961.951  273392.229  272758.784  272074.687  271353.444  270608.737  269854.173  269103.042  268368.084  267661.286  266993.686  266375.213  265814.548  265319.013  264894.493  264545.382  264274.563  264083.418  263971.861  263938.400  263980.222  264093.297  264272.509  264511.789  264804.268  265142.439  265518.321  265923.627  266349.926  266788.807  267232.030  267671.667  268100.238  268510.821  268897.155  269253.722  269575.811  269859.567  270102.015  270301.074  270455.550  270565.109  270630.241  270652.206  270632.975  270575.150  270481.886  270356.800  270203.884  270027.405  269831.815  269621.659  269401.482  269175.749  268948.768  268724.616  268507.079  268299.601  268105.239  267926.630  267765.967  267624.989  267504.970  267406.731  267330.647  267276.674  267244.369  267232.928  267241.222  267267.837  267311.122  267369.230  
268238.510  268255.141  268292.692  268351.891  268433.140  268536.488  268661.607  268807.773  268973.854  269158.300  269359.150  269574.034  269800.193  270034.501  270273.499  270513.436  270750.315  270979.949  271198.025  271400.175  271582.042  271739.368  271868.067  271964.311  272024.614  272045.912  272025.639  271961.805  271853.062  271698.763  271499.013  271254.707  270967.560  270640.119  270275.761  269878.681  269453.857  269007.005  268544.515  268073.370  267601.059  267135.464  266684.740  266257.189  265861.115  265504.683  265195.761  264941.774  264749.547  264625.158  264573.799  264599.639  264705.709  264893.796  265164.354  265516.444  265947.684  266454.232  267030.795  267670.653  268365.730  269106.669  269882.952  270683.039  271494.524  272304.326  273098.887  273864.399  274587.028  275253.162  275849.657  276364.081  276784.963  277102.021  277306.389  277390.820  277349.866  277180.033  276879.912  276450.266  275894.089  275216.624  274425.342  273529.881  272541.942  271475.149  270344.865  269167.978  267962.646  266748.021  265543.939  264370.596  263248.202  262196.634  261235.080  260381.684  259653.208  259064.706  258629.218  258357.498  258257.774  258335.543  258593.419  259031.022  259644.918  260428.618  261372.623  262464.530  263689.191  265028.918  266463.746  267971.736  269529.318  271111.673  272693.140  274247.650  275749.168  277172.146  278491.975  279685.425  280731.069  281609.678  282304.587  282802.018  283091.359  283165.381  283020.414  282656.446  282077.166  281289.944  280305.738  279138.942  277807.172  276330.985  274733.556  273040.292  271278.415  269476.497  267663.983  265870.677  264126.238  262459.653  260898.740  259469.656  258196.435  257100.564  256200.596  255511.825  255046.004  254811.136  254811.326  255046.703  255513.410  256203.671  257105.924  258205.018  259482.482  260916.844  262484.013  264157.698  265909.871  267711.260  269531.862  271341.464  273110.175  274808.940  276410.048  277887.604  279217.969  280380.166  281356.220  282131.462  282694.750  283038.647  283159.515  283057.551  282736.746  282204.783  281472.868  280555.494  279470.157  278237.018  276878.514  275418.945  273884.020  272300.391  270695.175  269095.468  267527.871  266018.032  264590.208  263266.860  262068.285  261012.294  260113.944  259385.313  258835.341  258469.732  258290.908  258298.029  258487.073  258850.965  259379.765  260060.902  260879.455  261818.459  262859.259  263981.872  265165.374  266388.291  267628.996  268866.094  270078.797  271247.279  272353.004  273379.023  274310.233  275133.600  275838.328  276415.999  276860.650  277168.812  277339.499  277374.152  277276.542  277052.632  276710.399  276259.632  275711.699  275079.287  274376.136  273616.756  272816.140  271989.475  271151.866  270318.064  269502.214  268717.620  267976.536  267289.985  266667.603  266117.518  265646.263  265258.716  264958.080  264745.886  264622.042  264584.890  264631.308  264756.824  264955.759  265221.374  265546.046  265921.442  266338.703  266788.627  267261.858  267749.057  268241.077  268729.119  269204.878  269660.670  270089.543  270485.374  270842.931  271157.934  271427.083  271648.066  271819.556  271941.183  272013.491  272037.880  272016.535  271952.346  271848.814  271709.956  271540.202  271344.289  271127.161  270893.860  270649.435  270398.842  270146.861  269898.020  269656.523  269426.192  269210.420  269012.136  268833.775  268677.266  268544.024  268434.962  268350.495  268290.575  268254.709  268242.005  268251.211  268280.757  268328.809  268393.317  
269203.445  269221.649  269262.755  269327.559  269416.502  269529.636  269666.605  269826.614  270008.425  270210.341  270430.215  270665.452  270913.033  271169.536  271431.174  271693.840  271953.158  272204.547  272443.283  272664.585  272863.683  273035.915  273176.809  273282.174  273348.193  273371.512  273349.321  273279.443  273160.401  272991.487  272772.814  272505.364  272191.013  271832.550  271433.671  270998.969  270533.893  270044.700  269538.386  269022.597  268505.530  267995.813  267502.376  267034.306  266600.696  266210.482  265872.281  265594.219  265383.770  265247.587  265191.354  265219.637  265335.754  265541.659  265837.854  266223.308  266695.414  267249.968  267881.173  268581.675  269342.630  270153.796  271003.659  271879.583  272767.989  273654.553  274524.434  275362.514  276153.649  276882.935  277535.982  278099.180  278559.969  278907.093  279130.845  279223.290  279178.463  278992.541  278663.977  278193.607  277584.708  276843.022  275976.725  274996.370  273914.768  272746.832  271509.382  270220.907  268901.288  267571.491  266253.234  264968.626  263739.797  262588.507  261535.763  260601.432  259803.864  259159.542  258682.743  258385.241  258276.045  258361.175  258643.493  259122.583  259794.687  260652.700  261686.224  262881.680  264222.483  265689.269  267260.180  268911.196  270616.511  272348.952  274080.427  275782.391  277426.340  278984.303  280429.337  281736.008  282880.854  283842.823  284603.668  285148.304  285465.110  285546.173  285387.471  284988.991  284354.772  283492.882  282415.317  281137.837  279679.728  278063.497  276314.516  274460.605  272531.564  270558.681  268574.190  266610.726  264700.760  262876.031  261166.998  259602.298  258208.248  257008.372  256022.987  255268.838  254758.795  254501.620  254501.809  254759.504  255270.483  256026.234  257014.096  258217.484  259616.172  261186.653  262902.549  264735.074  266653.542  268625.901  270619.301  272600.663  274537.256  276397.270  278150.361  279768.176  281224.833  282497.362  283566.083  284414.930  285031.706  285408.266  285540.626  285429.000  285077.758  284495.312  283693.929  282689.478  281501.117  280150.918  278663.449  277065.316  275384.668  273650.689  271893.069  270141.475  268425.038  266771.838  265208.437  263759.427  262447.035  261290.764  260307.099  259509.266  258907.056  258506.715  258310.895  258318.678  258525.660  258924.094  259503.098  260248.909  261145.186  262173.357  263312.994  264542.216  265838.113  267177.172  268535.712  269890.305  271218.189  272497.656  273708.408  274831.886  275851.553  276753.134  277524.811  278157.363  278644.261  278981.705  279168.616  279206.572  279099.700  278854.529  278479.794  277986.215  277386.236  276693.752  275923.807  275092.289  274215.614  273310.414  272393.228  271480.209  270586.845  269727.704  268916.206  268164.420  267482.897  266880.541  266364.503  265940.126  265610.916  265378.554  265242.935  265202.246  265253.068  265390.506  265608.339  265899.190  266254.711  266665.777  267122.688  267615.368  268133.570  268667.070  269205.850  269740.275  270261.250  270760.362  271229.999  271663.453  272054.997  272399.943  272694.677  272936.668  273124.462  273257.654  273336.838  273363.549  273340.178  273269.891  273156.520  273004.465  272818.576  272604.042  272366.274  272110.796  271843.135  271568.719  271292.783  271020.285  270755.828  270503.597  270267.311  270050.174  269854.853  269683.462  269537.550  269418.116  269325.617  269259.997  269220.719  269206.806  269216.885  269249.239  269301.859  269372.500  
270127.469  270147.180  270191.689  270261.860  270358.168  270480.673  270628.986  270802.249  270999.119  271217.761  271455.848  271710.572  271978.662  272256.414  272539.728  272824.154  273104.957  273377.173  273635.690  273875.327  274090.922  274277.426  274429.995  274544.093  274615.585  274640.838  274616.812  274541.147  274412.244  274229.336  273992.548  273702.939  273362.544  272974.379  272542.450  272071.728  271568.114  271038.385  270490.114  269931.582  269371.665  268819.706  268285.375  267778.513  267308.965  266886.409  266520.176  266219.065  265991.169  265843.694  265782.796  265813.417  265939.152  266162.118  266482.857  266900.254  267411.486  268012.001  268695.520  269454.082  270278.110  271156.512  272076.820  273025.351  273987.400  274947.457  275889.451  276797.008  277653.729  278443.478  279150.668  279760.562  280259.559  280635.468  280877.779  280977.897  280929.363  280728.035  280372.239  279862.880  279203.507  278400.334  277462.218  276400.586  275229.308  273964.537  272624.487  271229.177  269800.138  268360.075  266932.506  265541.374  264210.642  262963.878  261823.829  260812.008  259948.292  259250.527  258734.176  258411.991  258293.727  258385.904  258691.622  259210.432  259938.265  260867.426  261986.656  263281.250  264733.249  266321.682  268022.880  269810.829  271657.585  273533.721  275408.813  277251.951  279032.265  280719.464  282284.370  283699.439  284939.262  285981.040  286805.013  287394.844  287737.945  287825.748  287653.897  287222.375  286535.558  285602.180  284435.233  283051.783  281472.715  279722.405  277828.328  275820.610  273731.527  271594.959  269445.817  267319.442  265250.999  263274.862  261424.016  259729.477  258219.743  256920.293  255853.130  255036.387  254484.004  254205.472  254205.660  254484.722  255038.088  255856.539  256926.365  258229.604  259744.353  261445.156  263303.444  265288.045  267365.724  269501.773  271660.612  273806.417  275903.743  277918.137  279816.739  281568.839  283146.410  284524.572  285682.012  286601.331  287269.317  287677.149  287820.511  287699.635  287319.253  286688.473  285820.580  284732.762  283445.764  281983.491  280372.549  278641.753  276821.589  274943.663  273040.129  271143.119  269284.179  267493.724  265800.519  264231.200  262809.838  261557.557  260492.210  259628.123  258975.900  258542.306  258330.214  258338.630  258562.786  258994.291  259621.361  260429.091  261399.783  262513.323  263747.587  265078.879  266482.384  267932.639  269403.995  270871.080  272309.240  273694.965  275006.271  276223.057  277327.414  278303.879  279139.653  279824.748  280352.094  280717.574  280920.019  280961.136  280845.397  280579.871  280174.019  279639.450  278989.642  278239.643  277405.748  276505.164  275555.671  274575.280  273581.906  272593.043  271625.466  270694.953  269816.039  269001.796  268263.652  267611.250  267052.336  266592.698  266236.132  265984.459  265837.567  265793.492  265848.531  265997.382  266233.309  266548.321  266933.377  267378.595  267873.467  268407.082  268968.340  269546.168  270129.717  270708.549  271272.816  271813.404  272322.068  272791.543  273215.627  273589.241  273908.471  274170.575  274373.979  274518.242  274604.011  274632.944  274607.634  274531.508  274408.718  274244.028  274042.691  273810.328  273552.799  273276.088  272986.181  272688.957  272390.086  272094.938  271808.498  271535.301  271279.373  271044.186  270832.628  270646.988  270488.946  270359.582  270259.392  270188.315  270145.771  270130.700  270141.615  270176.658  270233.651  270310.164  
271013.618  271034.770  271082.535  271157.839  271261.193  271392.661  271551.825  271737.766  271949.041  272183.681  272439.190  272712.554  273000.263  273298.340  273602.387  273907.629  274208.981  274501.119  274778.557  275035.733  275267.109  275467.264  275631.001  275753.451  275830.178  275857.282  275831.500  275750.300  275611.965  275415.672  275161.555  274850.751  274485.442  274068.868  273605.324  273100.148  272559.672  271991.167  271402.763  270803.346  270202.441  269610.076  269036.629  268492.660  267988.736  267535.244  267142.196  266819.037  266574.453  266416.178  266350.816  266383.675  266518.610  266757.895  267102.111  267550.063  268098.720  268743.198  269476.759  270290.858  271175.216  272117.933  273105.625  274123.608  275156.100  276186.455  277197.427  278171.442  279090.901  279938.483  280697.464  281352.025  281887.569  282291.013  282551.075  282658.533  282606.452  282390.388  282008.545  281461.891  280754.236  279892.249  278885.436  277746.058  276489.003  275131.605  273693.412  272195.911  270662.208  269116.670  267584.539  266091.512  264663.307  263325.217  262101.656  261015.715  260088.724  259339.839  258785.655  258439.859  258312.921  258411.839  258739.941  259296.744  260077.883  261075.101  262276.312  263665.736  265224.098  266928.893  268754.715  270673.647  272655.698  274669.284  276681.752  278659.928  280570.681  282381.501  284061.070  285579.826  286910.499  288028.619  288912.977  289546.037  289914.292  290008.542  289824.112  289360.985  288623.855  287622.095  286369.650  284884.836  283190.066  281311.503  279278.635  277123.795  274881.624  272588.484  270281.845  267999.639  265779.606  263658.640  261672.144  259853.407  258233.017  256838.319  255692.930  254816.314  254223.432  253924.471  253924.658  254224.159  254818.069  255696.495  256844.723  258243.474  259869.242  261694.703  263689.196  265819.264  268049.237  270341.861  272658.950  274962.054  277213.128  279375.194  281412.983  283293.535  284986.764  286465.969  287708.274  288695.002  289411.973  289849.718  290003.605  289873.881  289465.624  288788.611  287857.099  286689.536  285308.187  283738.709  282009.660  280151.966  278198.348  276182.730  274139.622  272103.514  270108.264  268186.517  266369.149  264684.748  263159.151  261815.032  260671.553  259744.090  259044.027  258578.625  258350.968  258359.990  258600.573  259063.713  259736.761  260603.718  261645.591  262840.791  264165.571  265594.496  267100.935  268657.554  270236.825  271811.513  273355.158  274842.524  276250.015  277556.056  278741.421  279789.517  280686.603  281421.959  281987.995  282380.293  282597.596  282641.737  282517.516  282232.519  281796.902  281223.124  280525.653  279720.639  278825.573  277858.924  276839.775  275787.461  274721.209  273659.797  272621.232  271622.448  270679.047  269805.061  269012.756  268312.483  267712.556  267219.188  266836.454  266566.310  266408.634  266361.320  266420.393  266580.162  266833.396  267171.520  267584.828  268062.713  268593.897  269166.668  269769.112  270389.343  271015.714  271637.026  272242.703  272822.964  273368.960  273872.891  274328.101  274729.138  275071.799  275353.142  275571.477  275726.332  275818.398  275849.458  275822.293  275740.581  275608.781  275432.005  275215.892  274966.474  274690.044  274393.022  274081.835  273762.794  273441.984  273125.170  272817.703  272524.451  272249.734  271997.281  271770.191  271570.922  271401.276  271262.414  271154.867  271078.571  271032.902  271016.723  271028.439  271066.053  271127.229  271209.359  
271864.636  271887.165  271938.041  272018.250  272128.337  272268.370  272437.905  272635.960  272861.001  273110.930  273383.088  273674.264  273980.721  274298.222  274622.081  274947.215  275268.206  275579.382  275874.900  276148.838  276395.293  276608.494  276782.904  276913.336  276995.065  277023.937  276996.478  276909.988  276762.640  276553.556  276282.878  275951.820  275562.704  275118.980  274625.225  274087.123  273511.420  272905.861  272279.104  271640.616  271000.542  270369.564  269758.736  269179.307  268642.533  268159.477  267740.804  267396.576  267136.044  266967.447  266897.821  266932.817  267076.544  267331.424  267698.076  268175.226  268759.649  269446.139  270227.520  271094.692  272036.705  273040.881  274092.967  275177.321  276277.130  277374.665  278451.554  279489.078  280468.490  281371.341  282179.814  282877.061  283447.530  283877.287  284154.313  284268.785  284213.315  283983.170  283576.434  282994.141  282240.346  281322.155  280249.692  279036.018  277696.991  276251.077  274719.096  273123.937  271490.213  269843.881  268211.828  266621.426  265100.072  263674.708  262371.341  261214.568  260227.110  259429.373  258839.035  258470.676  258335.448  258440.808  258790.300  259383.412  260215.492  261277.746  262557.301  264037.348  265697.354  267513.347  269458.264  271502.368  273613.710  275758.647  277902.398  280009.621  282045.026  283973.981  285763.125  287380.968  288798.461  289989.535  290931.598  291605.971  291998.263  292098.674  291902.225  291408.894  290623.683  289556.576  288222.426  286640.744  284835.406  282834.280  280668.779  278373.345  275984.877  273542.113  271084.965  268653.840  266288.943  264029.574  261913.446  259976.021  258249.884  256764.164  255544.021  254610.187  253978.602  253660.119  253660.305  253979.337  254611.993  255547.734  256770.885  258260.911  259992.772  261937.360  264062.016  266331.097  268706.607  271148.860  273617.178  276070.602  278468.603  280771.790  282942.591  284945.895  286749.653  288325.418  289648.822  290699.969  291463.751  291930.083  292094.027  291955.848  291520.953  290799.758  289807.450  288563.679  287092.165  285420.239  283578.323  281599.360  279518.209  277371.006  275194.517  273025.482  270899.969  268852.756  266916.733  265122.356  263497.148  262065.264  260847.119  259859.092  259113.312  258617.512  258374.980  258384.581  258640.862  259134.233  259851.219  260774.777  261884.674  263157.910  264569.190  266091.419  267696.224  269354.489  271036.886  272714.404  274358.855  275943.352  277442.762  278834.097  280096.879  281213.427  282169.105  282952.493  283555.503  283973.428  284204.931  284251.962  284119.635  283816.032  283351.970  282740.723  281997.702  281140.114  280186.590  279156.806  278071.092  276950.046  275814.149  274683.407  273577.002  272512.976  271507.949  270576.869  269732.806  268986.785  268347.664  267822.063  267414.323  267126.527  266958.546  266908.136  266971.063  267141.266  267411.040  267771.249  268211.556  268720.660  269286.545  269896.735  270538.538  271199.290  271866.585  272528.491  273173.741  273791.916  274373.588  274910.447  275395.402  275822.644  276187.697  276487.427  276720.031  276885.007  276983.092  277016.183  276987.246  276900.197  276759.786  276571.459  276341.226  276075.510  275781.016  275464.585  275133.063  274793.172  274451.397  274113.877  273786.316  273473.898  273181.226  272912.272  272670.340  272458.046  272277.312  272129.372  272014.795  271933.511  271884.855  271867.618  271880.098  271920.170  271985.344  272072.842  
272683.005  272706.849  272760.695  272845.587  272962.103  273110.312  273289.746  273499.367  273737.550  274002.074  274290.126  274598.308  274922.662  275258.706  275601.480  275945.603  276285.342  276614.694  276927.473  277217.411  277478.263  277703.918  277888.516  278026.569  278113.074  278143.635  278114.573  278023.033  277867.080  277645.786  277359.299  277008.904  276597.060  276127.417  275604.821  275035.286  274425.953  273785.019  273121.649  272445.861  271768.394  271100.554  270454.040  269840.758  269272.623  268761.343  268318.207  267953.866  267678.109  267499.658  267425.960  267462.997  267615.117  267884.885  268272.956  268777.981  269396.547  270123.144  270950.179  271868.017  272865.070  273927.921  275041.481  276189.195  277353.270  278514.940  279654.757  280752.911  281789.559  282745.172  283600.894  284338.890  284942.702  285397.579  285690.801  285811.968  285753.263  285509.674  285079.175  284462.857  283665.015  282693.168  281558.031  280273.429  278856.148  277325.729  275704.212  274015.824  272286.613  270544.056  268816.611  267133.249  265522.969  264014.288  262634.733  261410.339  260365.155  259520.780  258895.927  258506.027  258362.886  258474.395  258844.308  259472.081  260352.794  261477.136  262831.483  264398.045  266155.087  268077.237  270135.850  272299.451  274534.223  276804.558  279073.638  281304.058  283458.464  285500.199  287393.952  289106.390  290606.766  291867.487  292864.640  293578.453  293993.692  294099.986  293892.061  293369.896  292538.784  291409.292  289997.142  288322.984  286412.090  284293.957  282001.835  279572.179  277044.048  274458.441  271857.607  269284.315  266781.120  264389.622  262149.739  260099.007  258271.916  256699.301  255407.791  254419.334  253750.800  253413.679  253413.864  253751.543  254421.188  255411.645  256706.323  258283.486  260116.630  262174.946  264423.864  266825.657  269340.106  271925.206  274537.898  277134.827  279673.095  282111.006  284408.790  286529.281  288438.557  290106.506  291507.333  292619.978  293428.451  293922.072  294095.619  293949.367  293489.043  292725.668  291675.319  290358.796  288801.204  287031.473  285081.806  282987.071  280784.168  278511.346  276207.522  273911.585  271661.714  269494.721  267445.421  265546.053  263825.750  262310.080  261020.653  259974.808  259185.382  258660.562  258403.830  258413.984  258685.252  259207.484  259966.415  260944.008  262118.845  263466.581  264960.440  266571.743  268270.456  270025.759  271806.609  273582.296  275322.982  277000.209  278587.370  280060.134  281396.822  282578.721  283590.335  284419.576  285057.884  285500.276  285745.334  285795.125  285655.060  285333.693  284842.476  284195.458  283408.953  282501.173  281491.841  280401.785  279252.523  278065.858  276863.474  275666.544  274495.374  273369.063  272305.203  271319.619  270426.143  269636.447  268959.910  268403.536  267971.923  267667.274  267489.455  267436.090  267502.698  267682.861  267968.425  268349.719  268815.801  269354.708  269953.721  270599.634  271279.012  271978.449  272684.813  273385.473  274068.503  274722.873  275338.604  275906.899  276420.250  276872.511  277258.941  277576.223  277822.449  277997.088  278100.919  278135.950  278105.320  278013.176  277864.544  277665.192  277421.477  277140.202  276828.464  276493.503  276142.566  275782.771  275420.980  275063.694  274716.949  274386.234  274076.421  273791.715  273535.613  273310.884  273119.563  272962.958  272841.669  272755.623  272704.117  272685.869  272699.079  272741.497  272810.488  272903.109  
273470.982  273496.080  273552.758  273642.116  273764.761  273920.768  274109.643  274330.293  274581.008  274859.452  275162.660  275487.058  275828.480  276182.208  276543.020  276905.252  277262.870  277609.554  277938.794  278243.991  278518.571  278756.103  278950.418  279095.737  279186.796  279218.968  279188.378  279092.023  278927.864  278694.925  278393.362  278024.527  277591.008  277096.649  276546.548  275947.038  275305.635  274630.966  273932.680  273221.322  272508.196  271805.202  271124.656  270479.092  269881.049  269342.854  268876.390  268492.867  268202.591  268014.744  267937.162  267976.145  268136.269  268420.235  268828.731  269360.339  270011.465  270776.311  271646.882  272613.037  273662.579  274781.383  275953.568  277161.706  278387.067  279609.897  280809.726  281965.699  283056.928  284062.858  284963.637  285740.494  286376.102  286854.935  287163.601  287291.154  287229.364  286972.955  286519.793  285871.030  285031.182  284008.166  282813.261  281461.020  279969.111  278358.106  276651.205  274873.908  273053.639  271219.318  269400.902  267628.891  265933.807  264345.671  262893.460  261604.580  260504.346  259615.496  258957.728  258547.286  258396.598  258513.971  258903.358  259564.187  260491.276  261674.828  263100.501  264749.565  266599.145  268622.531  270789.569  273067.127  275419.608  277809.526  280198.126  282546.032  284813.922  286963.208  288956.720  290759.368  292338.785  293665.925  294715.614  295467.038  295904.161  296016.064  295797.195  295247.534  294372.648  293183.664  291697.129  289934.781  287923.225  285693.510  283280.637  280722.982  278061.661  275339.834  272601.975  269893.106  267258.025  264740.523  262382.621  260223.834  258300.470  256644.987  255285.420  254244.871  253541.102  253186.207  253186.390  253541.852  254246.771  255289.408  256652.297  258312.558  260242.290  262409.061  264776.480  267304.833  269951.782  272673.105  275423.479  278157.261  280829.293  283395.683  285814.564  288046.811  290056.712  291812.572  293287.233  294458.526  295309.617  295829.264  296011.967  295858.017  295373.442  294569.843  293464.145  292078.241  290438.561  288575.560  286523.136  284317.997  281998.985  279606.368  277181.111  274764.154  272395.689  270114.469  267957.144  265957.651  264146.661  262551.088  261193.684  260092.701  259261.652  258709.158  258438.884  258449.564  258735.125  259284.879  260083.813  261112.936  262349.702  263768.484  265341.095  267037.342  268825.610  270673.453  272548.192  274417.497  276249.958  278015.616  279686.461  281236.880  282644.049  283888.268  284953.226  285826.196  286498.166  286963.890  287221.876  287274.298  287126.853  286788.546  286271.433  285590.302  284762.327  283806.683  282744.130  281596.594  280386.730  279137.490  277871.699  276611.649  275378.717  274193.008  273073.042  272035.479  271094.881  270263.535  269551.315  268965.595  268511.215  268190.496  268003.295  267947.111  268017.228  268206.890  268507.512  268908.914  269399.576  269966.905  270597.511  271277.491  271992.702  272729.031  273472.654  274210.271  274929.330  275618.218  276266.428  276864.701  277405.134  277881.253  278288.070  278622.091  278881.308  279065.161  279174.471  279211.353  279179.109  279082.106  278925.635  278715.766  278459.196  278163.083  277834.899  277482.267  277112.816  276734.039  276353.161  275977.024  275611.985  275263.820  274937.661  274637.933  274368.317  274131.730  273930.314  273765.444  273637.754  273547.167  273492.942  273473.730  273487.637  273532.292  273604.923  273702.431  
274230.618  274256.910  274316.286  274409.898  274538.382  274701.817  274899.684  275130.840  275393.493  275685.194  276002.841  276342.685  276700.365  277070.937  277448.931  277828.412  278203.061  278566.255  278911.174  279230.906  279518.564  279767.408  279970.978  280123.220  280218.617  280252.322  280220.278  280119.335  279947.360  279703.329  279387.405  279001.006  278546.841  278028.938  277452.638  276824.575  276152.623  275445.821  274714.276  273969.035  273221.942  272485.463  271772.501  271096.185  270469.655  269905.822  269417.136  269015.342  268711.237  268514.438  268433.157  268473.994  268641.743  268939.232  269367.185  269924.114  270606.255  271407.534  272319.575  273331.755  274431.294  275603.396  276831.423  278097.117  279380.856  280661.944  281918.937  283129.985  284273.206  285327.064  286270.764  287084.638  287750.533  288252.184  288575.562  288709.197  288644.469  288375.848  287901.100  287221.429  286341.569  285269.813  284017.977  282601.306  281038.312  279350.545  277562.310  275700.324  273793.317  271871.587  269966.518  268110.063  266334.201  264670.380  263148.961  261798.654  260645.983  259714.768  259025.647  258595.637  258437.760  258560.720  258968.657  259660.972  260632.238  261872.189  263365.802  265093.456  267031.182  269150.999  271421.318  273807.425  276272.028  278775.855  281278.304  283738.121  286114.110  288365.844  290454.381  292342.958  293997.665  295388.072  296487.804  297275.055  297733.023  297850.270  297620.978  297045.124  296128.542  294882.888  293325.498  291479.146  289371.704  287035.701  284507.807  281828.227  279040.037  276188.453  273320.070  270482.058  267721.348  265083.821  262613.502  260351.787  258336.717  256602.299  255177.903  254087.735  253350.402  252978.576  252978.759  253351.158  254089.678  255182.018  256609.882  258349.298  260371.035  262641.115  265121.413  267770.320  270543.480  273394.565  276276.087  279140.228  281939.678  284628.451  287162.682  289501.381  291607.135  293446.734  294991.726  296218.883  297110.571  297655.008  297846.434  297685.152  297177.476  296335.562  295177.139  293725.147  292007.275  290055.429  287905.124  285594.819  283165.208  280658.478  278117.550  275585.316  273103.885  270713.858  268453.632  266358.766  264461.391  262789.707  261367.550  260214.045  259343.348  258764.493  258481.319  258492.501  258791.676  259367.647  260204.684  261282.892  262578.650  264065.108  265712.733  267489.895  269363.468  271299.461  273263.634  275222.116  277141.998  278991.891  280742.449  282366.838  283841.144  285144.727  286260.498  287175.122  287879.157  288367.106  288637.406  288692.335  288537.860  288183.417  287641.636  286928.010  286060.535  285059.296  283946.048  282743.760  281476.169  280167.321  278841.133  277520.958  276229.193  274986.904  273813.495  272726.418  271740.934  270869.914  270123.704  269510.030  269033.964  268697.936  268501.798  268442.930  268516.390  268715.099  269030.065  269450.621  269964.697  270559.099  271219.799  271932.230  272681.574  273453.045  274232.158  275004.980  275758.358  276480.126  277159.275  277786.105  278352.333  278851.179  279277.415  279627.381  279898.973  280091.604  280206.133  280244.777  280210.996  280109.364  279945.425  279725.541  279456.723  279146.477  278802.628  278433.163  278046.077  277649.217  277250.157  276856.065  276473.599  276108.813  275767.082  275453.044  275170.557  274922.674  274711.641  274538.900  274405.113  274310.200  274253.385  274233.255  274247.825  274294.611  274370.709  274472.872  
274963.784  274991.212  275053.155  275150.814  275284.853  275455.354  275661.777  275902.928  276176.938  276481.252  276812.635  277167.175  277540.322  277926.919  278321.259  278717.152  279108.002  279486.903  279846.740  280180.300  280480.399  280740.006  280952.381  281111.208  281210.733  281245.897  281212.468  281107.162  280927.750  280673.166  280343.580  279940.470  279466.663  278926.361  278325.137  277669.910  276968.894  276231.521  275468.334  274690.858  273911.450  273143.114  272399.311  271693.740  271040.107  270451.883  269942.056  269522.879  269205.617  269000.302  268915.503  268958.103  269133.105  269443.461  269889.923  270470.942  271182.590  272018.530  272970.025  274025.992  275173.098  276395.907  277677.061  278997.512  280336.790  281673.304  282984.680  284248.126  285440.810  286540.267  287524.800  288373.890  289068.601  289591.961  289929.335  290068.757  290001.233  289720.994  289225.709  288516.635  287598.708  286480.581  285174.582  283696.614  282065.990  280305.193  278439.581  276497.024  274507.495  272502.606  270515.097  268578.304  266725.591  264989.766  263402.503  261993.757  260791.198  259819.678  259100.728  258652.102  258487.386  258615.660  259041.245  259763.515  260776.809  262070.419  263628.669  265431.089  267452.676  269664.236  272032.814  274522.193  277093.467  279705.665  282316.426  284882.714  287361.546  289710.747  291889.689  293860.017  295586.355  297036.952  298184.295  299005.630  299483.431  299605.760  299366.552  298765.779  297809.528  296509.960  294885.160  292958.888  290760.222  288323.099  285685.776  282890.199  279981.307  277006.275  274013.715  271052.838  268172.608  265420.891  262843.619  260483.981  258381.664  256572.148  255086.075  253948.700  253179.435  252791.501  252791.683  253180.197  253950.684  255090.311  256579.990  258394.712  260503.981  262872.348  265460.037  268223.637  271116.873  274091.410  277097.704  280085.868  283006.541  285811.746  288455.719  290895.696  293092.642  295011.909  296623.812  297904.119  298834.429  299402.452  299602.176  299433.918  298904.265  298025.898  296817.315  295302.448  293510.185  291473.813  289230.386  286820.027  284285.193  281669.899  279018.924  276377.017  273788.111  271294.566  268936.443  266750.839  264771.279  263027.184  261543.423  260339.948  259431.532  258827.597  258532.150  258543.810  258855.936  259456.850  260330.138  261455.045  262806.926  264357.770  266076.763  267930.905  269885.637  271905.494  273954.753  275998.077  278001.130  279931.163  281757.560  283452.322  284990.502  286350.563  287514.676  288468.930  289203.471  289712.565  289994.580  290051.894  289890.732  289520.937  288955.687  288211.147  287306.090  286261.474  285099.994  283845.616  282523.104  281157.547  279773.896  278396.519  277048.782  275752.663  274528.408  273394.226  272366.037  271457.272  270678.724  270038.455  269541.757  269191.164  268986.524  268925.102  269001.742  269209.060  269537.672  269976.451  270512.802  271132.962  271822.293  272565.598  273347.415  274152.319  274965.197  275771.512  276557.542  277310.591  278019.176  278673.174  279263.944  279784.412  280229.123  280594.259  280877.624  281078.605  281198.101  281238.421  281203.178  281097.142  280926.099  280696.684  280416.216  280092.523  279733.770  279348.291  278944.426  278530.364  278114.006  277702.830  277303.784  276923.185  276566.640  276238.988  275944.254  275685.625  275465.442  275285.212  275145.624  275046.595  274987.317  274966.313  274981.514  275030.328  275109.724  275216.316  
275672.191  275700.698  275765.079  275866.583  276005.900  276183.116  276397.667  276648.315  276933.115  277249.414  277593.847  277962.350  278350.193  278752.015  279161.886  279573.371  279979.616  280373.441  280747.450  281094.149  281406.068  281675.902  281896.643  282061.727  282165.173  282201.724  282166.980  282057.527  281871.050  281606.439  281263.873  280844.885  280352.416  279790.832  279165.926  278484.889  277756.260  276989.841  276196.590  275388.488  274578.375  273779.771  273006.667  272273.299  271593.915  270982.516  270452.603  270016.910  269687.146  269473.740  269385.598  269429.873  269611.768  269934.348  270398.397  271002.304  271741.988  272610.860  273599.841  274697.411  275889.711  277160.697  278492.329  279864.807  281256.854  282646.029  284009.077  285322.306  286561.988  287704.769  288728.098  289610.649  290332.737  290876.723  291227.396  291372.316  291302.135  291010.858  290496.061  289759.049  288804.954  287642.769  286285.308  284749.101  283054.220  281224.036  279284.904  277265.794  275197.860  273113.959  271048.122  269034.998  267109.266  265305.028  263655.206  262190.934  260940.975  259931.160  259183.868  258717.555  258546.341  258679.665  259122.017  259872.748  260925.975  262270.566  263890.230  265763.689  267864.954  270163.682  272625.618  275213.119  277885.744  280600.908  283314.581  285982.028  288558.575  291000.382  293265.220  295313.223  297107.618  298615.405  299807.983  300661.703  301158.347  301285.507  301036.876  300412.427  299418.486  298067.692  296378.844  294376.638  292091.297  289558.097  286816.802  283911.013  280887.439  277795.116  274684.570  271606.955  268613.166  265752.954  263074.062  260621.384  258436.171  256555.303  255010.629  253828.400  253028.795  252625.558  252625.737  253029.562  253830.422  255014.978  256563.391  258449.664  260642.099  263103.851  265793.575  268666.150  271673.473  274765.306  277890.150  280996.151  284032.002  286947.833  289696.076  292232.281  294515.871  296510.833  298186.311  299517.117  300484.124  301074.556  301282.164  301107.279  300556.744  299643.743  298387.501  296812.894  294949.949  292833.267  290501.361  287995.938  285361.129  282642.684  279887.149  277141.038  274450.017  271858.116  269406.977  267135.160  265077.513  263264.619  261722.325  260471.373  259527.117  258899.353  258592.245  258604.358  258928.791  259553.403  260461.135  261630.412  263035.618  264647.636  266434.439  268361.723  270393.567  272493.106  274623.209  276747.143  278829.220  280835.398  282733.851  284495.478  286094.346  287508.069  288718.114  289710.021  290473.547  291002.731  291295.878  291355.458  291187.941  290803.561  290216.012  289442.098  288501.335  287415.504  286208.198  284904.327  283529.633  282110.194  280671.947  279240.220  277839.301  276492.037  275219.471  274040.532  272971.767  272027.140  271217.866  270552.328  270036.026  269671.596  269458.877  269395.028  269474.689  269690.186  270031.764  270487.857  271045.374  271690.006  272406.541  273179.180  273991.852  274828.523  275673.482  276511.620  277328.673  278111.444  278847.996  279527.807  280141.896  280682.908  281145.173  281524.722  281819.274  282028.190  282152.403  282194.317  282157.683  282047.464  281869.670  281631.202  281339.664  281003.194  280630.280  280229.585  279809.778  279379.371  278946.577  278519.170  278104.371  277708.747  277338.127  276997.539  276691.169  276422.329  276193.454  276006.107  275861.008  275758.069  275696.449  275674.616  275690.416  275741.156  275823.687  275934.487  
276357.403  276386.935  276453.630  276558.782  276703.107  276886.692  277108.956  277368.613  277663.651  277991.321  278348.136  278729.887  279131.672  279547.941  279972.547  280398.826  280819.676  281227.660  281615.116  281974.280  282297.415  282576.951  282805.630  282976.650  283083.817  283121.683  283085.691  282972.304  282779.124  282505.000  282150.118  281716.066  281205.891  280624.116  279976.740  279271.216  278516.388  277722.410  276900.635  276063.475  275224.231  274396.910  273596.004  272836.264  272132.447  271499.061  270950.090  270498.727  270157.102  269936.020  269844.705  269890.570  270079.004  270413.182  270893.917  271519.540  272285.823  273185.942  274210.489  275347.530  276582.710  277899.406  279278.929  280700.769  282142.882  283582.021  284994.094  286354.558  287638.829  288822.715  289882.854  290797.151  291545.214  292108.771  292472.061  292622.198  292549.497  292247.747  291714.436  290950.918  289962.508  288758.522  287352.234  285760.770  284004.924  282108.906  280100.020  278008.278  275865.955  273707.089  271566.935  269481.390  267486.378  265617.231  263908.053  262391.100  261096.169  260050.021  259275.839  258792.744  258615.364  258753.479  259211.739  259989.475  261080.589  262473.551  264151.482  266092.341  268269.204  270650.635  273201.148  275881.745  278650.530  281463.387  284274.700  287038.126  289707.383  292237.054  294583.389  296705.089  298564.056  300126.103  301361.600  302246.047  302760.569  302892.312  302634.741  301987.829  300958.128  299558.731  297809.115  295734.864  293367.287  290742.931  287902.990  284892.632  281760.249  278556.642  275334.154  272145.780  269044.246  266081.096  263305.789  260764.836  258500.972  256552.405  254952.131  253727.346  252898.956  252481.197  252481.376  252899.728  253729.405  254956.589  256560.726  258514.885  260786.228  263336.583  266123.116  269099.084  272214.653  275417.774  278655.097  281872.901  285018.031  288038.823  290885.997  293513.500  295879.298  297946.078  299681.876  301060.595  302062.419  302674.113  302889.202  302708.028  302137.681  301191.819  299890.359  298259.071  296329.065  294136.185  291720.331  289124.713  286395.048  283578.735  280723.994  277879.015  275091.109  272405.889  269866.497  267512.883  265381.148  263502.976  261905.148  260609.149  259630.889  258980.516  258662.345  258674.888  259010.997  259658.093  260598.505  261809.881  263265.681  264935.741  266786.880  268783.561  270888.567  273063.708  275270.515  277470.932  279627.986  281706.408  283673.229  285498.297  287154.745  288619.383  289873.008  290900.639  291691.665  292239.912  292543.620  292605.350  292431.805  292033.585  291424.879  290623.097  289648.454  288523.520  287272.734  285921.904  284497.700  283027.139  281537.091  280053.797  278602.420  277206.629  275888.227  274666.822  273559.560  272580.906  271742.481  271052.967  270518.065  270140.505  269920.121  269853.970  269936.499  270159.756  270513.636  270986.156  271563.754  272231.606  272973.952  273774.422  274616.369  275483.179  276358.578  277226.910  278073.397  278884.368  279647.456  280351.758  280987.971  281548.475  282027.396  282420.620  282725.785  282942.229  283070.919  283114.344  283076.393  282962.203  282778.005  282530.945  282228.904  281880.312  281493.963  281078.832  280643.898  280197.984  279749.595  279306.788  278877.043  278467.163  278083.188  277730.327  277412.917  277134.389  276897.266  276703.167  276552.839  276446.190  276382.349  276359.728  276376.097  276428.665  276514.169  276628.961  
277020.858  277051.360  277120.247  277228.855  277377.923  277567.543  277797.113  278065.306  278370.043  278708.484  279077.028  279471.329  279886.323  280316.277  280754.842  281195.135  281629.821  282051.219  282451.415  282822.387  283156.146  283444.874  283681.072  283857.716  283968.407  284007.520  283970.346  283853.232  283653.701  283370.566  283004.016  282555.694  282028.746  281427.842  280759.181  280030.459  279250.811  278430.727  277581.931  276717.242  275850.402  274995.876  274168.633  273383.909  272656.947  272002.731  271435.706  270969.499  270616.638  270388.283  270293.963  270341.334  270535.962  270881.127  271377.670  272023.866  272815.347  273745.065  274803.305  275977.739  277253.540  278613.539  280038.431  281507.033  282996.576  284483.047  285941.563  287346.773  288673.285  289896.112  290991.121  291935.493  292708.164  293290.260  293665.502  293820.582  293745.493  293433.822  292882.973  292094.344  291073.426  289829.840  288377.298  286733.487  284919.887  282961.503  280886.537  278725.988  276513.193  274283.310  272072.754  269918.601  267857.959  265927.321  264161.914  262595.054  261257.519  260176.951  259377.295  258878.302  258695.082  258837.735  259311.066  260114.383  261241.389  262680.173  264413.304  266418.013  268666.492  271126.271  273760.696  276529.486  279389.368  282294.772  285198.584  288052.934  290810.019  293422.926  295846.466  298037.981  299958.119  301571.570  302847.725  303761.280  304292.739  304428.823  304162.784  303494.591  302431.013  300985.575  299178.391  297035.888  294590.407  291879.695  288946.302  285836.883  282601.422  279292.390  275963.856  272670.556  269466.951  266406.283  263539.639  260915.060  258576.687  256563.987  254911.040  253645.940  252790.280  252358.765  252358.943  252791.056  253648.033  254915.600  256572.527  258590.998  260937.093  263571.384  266449.629  269523.545  272741.658  276050.208  279394.086  282717.805  285966.460  289086.686  292027.580  294741.575  297185.250  299320.068  301113.009  302537.117  303571.925  304203.761  304425.938  304238.806  303649.691  302672.698  301328.401  299643.418  297649.881  295384.816  292889.436  290208.371  287388.846  284479.818  281531.096  278592.456  275712.765  272939.140  270316.143  267885.039  265683.117  263743.106  262092.667  260753.994  259743.520  259071.729  258743.076  258756.027  259103.197  259771.594  260742.965  261994.221  263497.952  265222.997  267135.085  269197.508  271371.825  273618.587  275898.058  278170.931  280399.013  282545.877  284577.464  286462.632  288173.629  289686.500  290981.410  292042.885  292859.964  293426.269  293739.983  293803.749  293624.492  293213.162  292584.414  291756.230  290749.493  289587.514  288295.537  286900.222  285429.114  283910.123  282371.001  280838.855  279339.677  277897.915  276536.090  275274.456  274130.724  273119.834  272253.792  271541.566  270989.043  270599.045  270371.400  270303.067  270388.312  270618.920  270984.455  271472.537  272069.159  272759.009  273525.805  274352.642  275222.323  276117.686  277021.920  277918.856  278793.228  279630.914  280419.140  281146.645  281803.817  282382.787  282877.486  283283.665  283598.885  283822.461  283955.392  284000.249  283961.048  283843.098  283652.833  283397.634  283085.643  282725.567  282326.490  281897.682  281448.419  280987.813  280524.652  280067.255  279623.350  279199.965  278803.338  278438.851  278110.982  277823.276  277578.339  277377.844  277222.562  277112.398  277046.453  277023.086  277039.994  277094.294  277182.615  277301.189  
277663.875  277695.294  277766.254  277878.131  278031.686  278227.013  278463.492  278739.757  279053.667  279402.295  279781.933  280188.103  280615.590  281058.486  281510.253  281963.801  282411.573  282845.656  283257.900  283640.041  283983.848  284281.268  284524.578  284706.541  284820.566  284860.857  284822.565  284701.926  284496.390  284204.731  283827.147  283365.329  282822.516  282203.522  281514.730  280764.069  279960.948  279116.172  278241.820  277351.097  276458.157  275577.901  274725.750  273917.397  273168.546  272494.630  271910.530  271430.283  271066.795  270831.562  270734.400  270783.196  270983.682  271339.238  271850.731  272516.383  273331.696  274289.409  275379.514  276589.313  277903.532  279304.484  280772.286  282285.113  283819.513  285350.750  286853.190  288300.720  289667.182  290926.837  292054.826  293027.641  293823.585  294423.215  294809.762  294969.515  294892.169  294571.114  294003.679  293191.301  292139.638  290858.600  289362.311  287668.994  285800.771  283783.403  281645.940  279420.317  277140.873  274843.823  272566.683  270347.643  268224.931  266236.136  264417.549  262803.489  261425.661  260312.539  259488.791  258974.762  258786.017  258932.963  259420.547  260248.058  261409.010  262891.132  264676.468  266741.566  269057.777  271591.654  274305.440  277157.640  280103.678  283096.611  286087.905  289028.249  291868.398  294560.027  297056.586  299314.130  301292.123  302954.188  304268.798  305209.883  305757.359  305897.550  305623.501  304935.182  303839.565  302350.581  300488.951  298281.899  295762.737  292970.352  289948.576  286745.468  283412.518  280003.779  276574.949  273182.412  269882.273  266729.376  263776.348  261072.676  258663.836  256590.479  254887.717  253584.488  252703.036  252258.511  252258.688  252703.816  253586.612  254892.372  256599.227  258678.522  261095.315  263808.992  266773.975  269940.527  273255.624  276663.885  280108.541  283532.431  286878.997  290093.264  293122.797  295918.593  298435.924  300635.088  302482.074  303949.111  305015.114  305666.000  305894.879  305702.113  305095.248  304088.813  302704.001  300968.234  298914.613  296581.277  294010.682  291248.804  288344.292  285347.577  282309.970  279282.747  276316.249  273459.013  270756.944  268252.551  265984.249  263985.751  262285.554  260906.521  259865.580  259173.532  258834.966  258848.303  259205.934  259894.477  260895.127  262184.102  263733.163  265510.213  267479.945  269604.545  271844.414  274158.913  276507.109  278848.509  281143.769  283355.362  285448.205  287390.214  289152.802  290711.290  292045.247  293138.731  293980.450  294563.834  294887.011  294952.703  294768.045  294344.315  293696.611  292843.458  291806.366  290609.350  289278.417  287841.028  286325.560  284760.764  283175.230  281596.881  280052.494  278567.253  277164.358  275864.677  274686.452  273645.074  272752.913  272019.206  271450.018  271048.256  270813.743  270743.347  270831.160  271068.722  271445.279  271948.080  272562.694  273273.348  274063.270  274915.045  275810.954  276733.322  277664.829  278588.818  279489.563  280352.516  281164.517  281913.966  282590.961  283187.395  283697.017  284115.450  284440.179  284670.500  284807.442  284853.653  284813.271  284691.764  284495.760  284232.865  283911.463  283540.526  283129.410  282687.667  282224.852  281750.351  281273.217  280802.022  280344.726  279908.568  279499.975  279124.492  278786.730  278490.344  278238.017  278031.473  277871.505  277758.017  277690.082  277666.009  277683.427  277739.365  277830.350  277952.501  
278287.668  278319.954  278392.871  278507.833  278665.624  278866.338  279109.341  279393.227  279715.796  280074.042  280464.153  280881.528  281320.808  281775.923  282240.154  282706.214  283166.340  283612.400  284036.017  284428.702  284781.996  285087.622  285337.645  285524.630  285641.802  285683.205  285643.858  285519.892  285308.686  285008.981  284620.979  284146.420  283588.631  282952.557  282244.761  281473.387  280648.106  279780.020  278881.542  277966.241  277048.661  276144.114  275268.448  274437.788  273668.271  272975.757  272375.538  271882.037  271508.517  271266.790  271166.945  271217.085  271423.102  271788.469  272314.075  272998.095  273835.906  274820.049  275940.236  277183.422  278533.909  279973.526  281481.836  283036.415  284613.163  286186.661  287730.569  289218.051  290622.229  291916.652  293075.776  294075.444  294893.360  295509.543  295906.762  296070.928  295991.450  295661.537  295078.442  294243.644  293162.955  291846.560  290308.973  288568.916  286649.127  284576.074  282379.611  280092.552  277750.186  275389.727  273049.727  270769.430  268588.118  266544.420  264675.627  263017.007  261601.139  260457.284  259610.792  259082.568  258888.608  259039.605  259540.646  260390.998  261583.996  263107.032  264941.654  267063.761  269443.916  272047.748  274836.457  277767.402  280794.777  283870.344  286944.227  289965.755  292884.322  295650.271  298215.764  300535.644  302568.256  304276.217  305627.130  306594.206  307156.804  307300.872  307019.261  306311.942  305186.077  303655.983  301742.953  299474.961  296886.240  294016.750  290911.533  287619.976  284194.990  280692.121  277168.603  273682.381  270291.105  267051.137  264016.555  261238.216  258762.848  256632.228  254882.436  253543.210  252637.410  252180.602  252180.777  252638.193  253545.364  254887.181  256641.171  258777.888  261261.426  264050.047  267096.918  270350.926  273757.583  277259.978  280799.776  284318.236  287757.236  291060.286  294173.500  297046.522  299633.389  301893.303  303791.310  305298.875  306394.329  307063.200  307298.407  307100.322  306476.699  305442.468  304019.408  302235.698  300125.351  297727.562  295085.959  292247.788  289263.041  286183.542  283062.021  279951.170  276902.719  273966.548  271189.829  268616.246  266285.275  264231.561  262484.389  261067.253  259997.549  259286.376  258938.452  258952.152  259319.659  260027.221  261055.515  262380.099  263971.956  265798.101  267822.254  270005.554  272307.310  274685.758  277098.835  279504.930  281863.610  284136.313  286286.986  288282.658  290093.951  291695.507  293066.327  294190.029  295055.011  295654.519  295986.629  296054.141  295864.383  295428.947  294763.347  293886.620  292820.871  291590.779  290223.067  288745.957  287188.610  285580.570  283951.219  282329.251  280742.182  279215.894  277774.227  276438.625  275227.836  274157.676  273240.856  272486.869  271901.947  271489.079  271248.083  271175.739  271265.977  271510.103  271897.065  272413.762  273045.363  273775.658  274587.413  275462.730  276383.402  277331.264  278288.519  279238.048  280163.691  281050.498  281884.945  282655.111  283350.821  283963.743  284487.453  284917.454  285251.160  285487.850  285628.579  285676.069  285634.571  285509.706  285308.285  285038.123  284707.836  284326.645  283904.165  283450.209  282974.600  282486.981  281996.656  281512.434  281042.495  280594.278  280174.389  279788.524  279441.424  279136.843  278877.539  278665.284  278500.892  278384.266  278314.452  278289.713  278307.611  278365.095  278458.596  278584.125  
278893.358  278926.460  279001.221  279119.091  279280.872  279486.663  279735.812  280026.879  280357.607  280724.914  281124.893  281552.825  282003.217  282469.844  282945.819  283423.669  283895.435  284352.779  284787.113  285189.732  285551.964  285865.323  286121.672  286313.388  286433.524  286475.976  286435.635  286308.533  286091.985  285784.699  285386.882  284900.317  284328.417  283676.252  282950.549  282159.660  281313.499  280423.450  279502.240  278563.781  277622.984  276695.551  275797.728  274946.051  274157.062  273447.025  272831.617  272325.628  271942.655  271694.811  271592.437  271643.844  271855.072  272229.682  272768.586  273469.913  274328.923  275337.967  276486.499  277761.142  279145.803  280621.848  282168.327  283762.246  285378.895  286992.212  288575.191  290100.317  291540.031  292867.214  294055.674  295080.643  295919.260  296551.040  296958.315  297126.638  297045.152  296706.892  296109.043  295253.121  294145.084  292795.375  291218.874  289434.780  287466.403  285340.882  283088.828  280743.884  278342.231  275922.028  273522.799  271184.785  268948.259  266852.830  264936.733  263236.127  261784.417  260611.605  259743.682  259202.083  259003.209  259158.025  259671.744  260543.617  261766.810  263328.396  265209.456  267385.279  269825.684  272495.428  275354.730  278359.871  281463.884  284617.309  287769.009  290867.030  293859.486  296695.460  299325.904  301704.519  303788.593  305539.800  306924.918  307916.482  308493.330  308641.050  308352.315  307627.093  306472.728  304903.899  302942.439  300617.028  297962.767  295020.627  291836.790  288461.894  284950.189  281358.628  277745.894  274171.399  270694.253  267372.243  264260.821  261412.127  258874.075  256689.500  254895.396  253522.253  252593.510  252125.130  252125.303  252594.297  253524.434  254900.225  256698.627  258889.448  261435.874  264295.111  267419.138  270755.549  274248.477  277839.568  281469.010  285076.575  288602.671  291989.374  295181.434  298127.222  300779.608  303096.760  305042.842  306588.593  307711.797  308397.614  308638.783  308435.687  307796.273  306735.852  305276.755  303447.870  301284.075  298825.557  296117.049  293206.992  290146.645  286989.146  283788.558  280598.909  277473.241  274462.694  271615.638  268976.862  266586.843  264481.104  262689.669  261236.631  260139.826  259410.634  259053.892  259067.935  259444.747  260170.229  261224.568  262582.705  264214.885  266087.290  268162.719  270401.329  272761.395  275200.098  277674.309  280141.361  282559.798  284890.081  287095.242  289141.477  290998.663  292640.797  294046.351  295198.527  296085.427  296700.127  297040.655  297109.880  296915.318  296468.852  295786.390  294887.452  293794.701  292533.443  291131.077  289616.540  288019.733  286370.949  284700.311  283037.244  281409.959  279844.995  278366.796  276997.348  275755.876  274658.596  273718.541  272945.445  272345.700  271922.367  271675.261  271601.082  271693.606  271943.916  272340.683  272870.473  273518.079  274266.880  275099.207  275996.706  276940.711  277912.595  278894.110  279867.704  280816.807  281726.090  282581.686  283371.373  284084.716  284713.174  285250.159  285691.059  286033.224  286275.914  286420.211  286468.906  286426.357  286298.328  286091.803  285814.793  285476.136  285085.283  284652.094  284186.632  283698.967  283198.988  282696.234  282199.738  281717.886  281258.307  280827.773  280432.126  280076.227  279763.925  279498.047  279280.410  279111.851  278992.267  278920.683  278895.316  278913.668  278972.609  279068.480  279197.190  
279481.979  279515.847  279592.342  279712.945  279878.478  280089.043  280343.971  280641.788  280980.187  281356.014  281765.271  282203.129  282663.968  283141.420  283628.435  284117.370  284600.079  285068.033  285512.443  285924.402  286295.037  286615.666  286877.962  287074.126  287197.051  287240.489  287199.212  287069.163  286847.592  286533.178  286126.133  285628.281  285043.114  284375.819  283633.280  282824.043  281958.251  281047.554  280104.971  279144.738  278182.114  277233.163  276314.509  275443.070  274635.775  273909.262  273279.574  272761.843  272369.983  272116.387  272011.636  272064.234  272280.361  272663.662  273215.069  273932.667  274811.608  275844.064  277019.246  278323.465  279740.256  281250.551  282832.915  284463.821  286117.985  287768.741  289388.454  290948.973  292422.098  293780.081  294996.123  296044.880  296902.961  297549.405  297966.134  298138.366  298054.992  297708.885  297097.164  296221.380  295087.630  293706.599  292093.513  290268.015  288253.956  286079.106  283774.784  281375.416  278918.023  276441.647  273986.732  271594.451  269306.014  267161.948  265201.374  263461.293  261975.885  260775.847  259887.775  259333.601  259130.108  259288.512  259814.152  260706.259  261957.841  263555.672  265480.393  267706.720  270203.771  272935.486  275861.160  278936.059  282112.127  285338.755  288563.620  291733.560  294795.485  297697.297  300388.809  302822.646  304955.106  306746.971  308164.250  309178.839  309769.083  309920.237  309624.804  308882.750  307701.590  306096.342  304089.347  301709.951  298994.069  295983.623  292725.868  289272.616  285679.378  282004.429  278307.813  274650.323  271092.441  267693.296  264509.627  261594.786  258997.799  256762.495  254926.727  253521.695  252571.382  252092.121  252092.293  252572.172  253523.903  254931.635  256771.793  259013.484  261619.038  264544.668  267741.237  271155.124  274729.164  278403.647  282117.374  285808.717  289416.700  292882.054  296148.247  299162.448  301876.435  304247.405  306238.687  307820.341  308969.635  309671.384  309918.160  309710.351  309056.093  307971.048  306478.066  304606.709  302392.662  299877.046  297105.632  294127.988  290996.562  287765.726  284490.799  281227.064  278028.795  274948.320  272035.132  269335.061  266889.524  264734.869  262901.819  261415.026  260292.740  259546.605  259181.572  259195.937  259581.499  260323.830  261402.657  262792.340  264462.433  266378.331  268501.971  270792.583  273207.474  275702.829  278234.518  280758.883  283233.504  285617.925  287874.317  289968.092  291868.426  293548.713  294986.924  296165.870  297073.378  297702.363  298050.806  298121.642  297922.562  297465.725  296767.410  295847.588  294729.450  293438.889  292003.941  290454.216  288820.308  287133.214  285423.759  283722.050  282056.954  280455.625  278943.077  277541.808  276271.487  275148.708  274186.808  273395.746  272782.062  272348.891  272096.041  272020.136  272114.808  272370.934  272776.920  273319.019  273981.673  274747.875  275599.543  276517.898  277483.841  278478.311  279482.636  280478.856  281450.016  282380.432  283255.913  284063.953  284793.876  285436.940  285986.406  286437.554  286787.673  287036.004  287183.656  287233.483  287189.947  287058.943  286847.618  286564.171  286217.643  285817.706  285374.449  284898.168  284399.168  283887.568  283373.128  282865.091  282372.039  281901.777  281461.235  281056.391  280692.219  280372.656  280100.597  279877.901  279705.423  279583.059  279509.810  279483.854  279502.631  279562.942  279661.041  279792.744  
280054.485  280089.074  280167.194  280290.362  280459.414  280674.455  280934.803  281238.953  281584.548  281968.366  282386.324  282833.493  283304.132  283791.736  284289.108  284788.440  285281.414  285759.319  286213.179  286633.899  287012.417  287339.865  287607.740  287808.076  287933.616  287977.978  287935.824  287803.011  287576.728  287255.629  286839.928  286331.489  285733.877  285052.392  284294.061  283467.613  282583.409  281653.342  280690.712  279710.057  278726.959  277757.824  276819.631  275929.656  275105.190  274363.224  273720.142  273191.397  272791.201  272532.209  272425.228  272478.944  272699.666  273091.118  273654.253  274387.114  275284.749  276339.166  277539.344  278871.305  280318.232  281860.655  283476.678  285142.277  286831.629  288517.501  290171.671  291765.387  293269.852  294656.725  295898.638  296969.707  297846.045  298506.244  298931.841  299107.740  299022.594  298669.127  298044.394  297149.981  295992.113  294581.703  292934.300  291069.965  289013.057  286791.937  284438.589  281988.173  279478.496  276949.432  274442.283  271999.102  269661.972  267472.285  265469.993  263692.885  262175.869  260950.294  260043.322  259477.353  259269.525  259431.297  259968.118  260879.204  262157.415  263789.243  265754.916  268028.616  270578.800  273368.643  276356.573  279496.905  282740.559  286035.850  289329.342  292566.741  295693.828  298657.395  301406.188  303891.823  306069.668  307899.670  309347.115  310383.300  310986.111  311140.486  310838.770  310080.928  308874.634  307235.227  305185.520  302755.487  299981.805  296907.289  293580.199  290053.451  286383.736  282630.569  278855.274  275119.935  271486.324  268014.827  264763.391  261786.504  259134.236  256851.349  254976.502  253541.558  252571.012  252081.544  252081.715  252571.804  253543.789  254981.483  256860.808  259150.214  261811.229  264799.135  268063.749  271550.307  275200.429  278953.134  282745.919  286515.845  290200.637  293739.766  297075.494  300153.867  302925.636  305347.085  307380.764  308996.095  310169.862  310886.556  311138.590  310926.362  310258.178  309150.037  307625.272  305714.076  303452.893  300883.719  298053.301  295012.260  291814.162  288514.536  285169.880  281836.653  278570.284  275424.217  272448.998  269691.432  267193.820  264993.283  263121.198  261602.742  260456.555  259694.528  259321.718  259336.386  259730.154  260488.289  261590.086  263009.358  264715.013  266671.708  268840.570  271179.960  273646.276  276194.771  278780.374  281358.498  283885.820  286321.021  288625.468  290763.835  292704.642  294420.717  295889.560  297093.617  298020.456  298662.839  299018.705  299091.053  298887.735  298421.172  297707.986  296768.575  295626.624  294308.577  292843.067  291260.335  289591.626  287868.598  286122.733  284384.777  282684.213  281048.776  279504.009  278072.890  276775.509  275628.813  274646.421  273838.508  273211.750  272769.349  272511.111  272433.588  272530.275  272791.855  273206.488  273760.134  274436.904  275219.427  276089.237  277027.156  278013.676  279029.331  280055.052  281072.496  282064.346  283014.584  283908.717  284733.972  285479.447  286136.213  286697.386  287158.147  287515.726  287769.349  287920.147  287971.037  287926.574  287792.780  287576.953  287287.467  286933.556  286525.098  286072.397  285585.969  285076.336  284553.835  284028.434  283509.571  283006.013  282525.731  282075.802  281662.331  281290.398  280964.025  280686.169  280458.727  280282.573  280157.601  280082.791  280056.281  280075.458  280137.054  280237.243  280371.752  
280611.764  280647.025  280726.667  280852.233  281024.578  281243.807  281509.226  281819.300  282171.626  282562.920  282989.020  283444.899  283924.705  284421.807  284928.868  285437.927  285940.504  286427.719  286890.421  287319.337  287705.229  288039.056  288312.150  288516.390  288644.376  288689.603  288646.629  288511.228  288280.539  287953.184  287529.386  287011.042  286401.788  285707.027  284933.923  284091.374  283189.943  282241.756  281260.372  280260.610  279258.358  278270.341  277313.868  276406.553  275566.022  274809.599  274153.985  273614.938  273206.943  272942.903  272833.836  272888.597  273113.619  273512.697  274086.802  274833.942  275749.067  276824.028  278047.592  279405.506  280880.628  282453.105  284100.619  285798.674  287520.946  289239.671  290926.076  292550.851  294084.634  295498.535  296764.651  297856.596  298750.013  299423.080  299856.973  300036.303  299949.500  299589.147  298952.242  298040.399  296859.968  295422.072  293742.565  291841.897  289744.902  287480.494  285081.281  282583.106  280024.515  277446.159  274890.144  272399.343  270016.660  267784.291  265742.971  263931.223  262384.635  261135.169  260210.515  259633.511  259421.629  259586.551  260133.832  261062.674  262365.797  264029.430  266033.418  268351.435  270951.328  273795.552  276841.725  280043.273  283350.157  286709.686  290067.381  293367.891  296555.939  299577.281  302379.663  304913.758  307134.063  308999.744  310475.411  311531.801  312146.367  312303.757  311996.163  311223.550  309993.742  308322.377  306232.712  303755.305  300927.549  297793.093  294401.137  290805.629  287064.366  283238.023  279389.119  275580.949  271876.489  268337.304  265022.469  261987.536  259283.549  256956.146  255044.738  253581.810  252592.335  252093.318  252093.488  252593.129  253584.063  255049.787  256965.755  259299.800  262012.702  265058.870  268387.142  271941.689  275662.989  279488.875  283355.623  287199.067  290955.718  294563.867  297964.649  301103.058  303928.884  306397.560  308470.904  310117.742  311314.404  312045.080  312302.034  312085.671  311404.459  310274.709  308720.211  306771.743  304466.462  301847.182  298961.562  295861.210  292600.737  289236.755  285826.863  282428.622  279098.542  275891.110  272857.857  270046.503  267500.171  265256.708  263348.104  261800.026  260631.478  259854.584  259474.498  259489.448  259890.894  260663.814  261787.101  263234.056  264972.981  266967.844  269179.013  271564.037  274078.464  276676.675  279312.718  281941.136  284517.763  287000.472  289349.877  291529.962  293508.634  295258.190  296755.691  297983.242  298928.165  299583.084  299945.896  300019.657  299812.375  299336.711  298609.613  297651.875  296487.646  295143.884  293649.782  292036.170  290334.903  288578.257  286798.327  285026.460  283292.715  281625.366  280050.456  278591.412  277268.715  276099.642  275098.080  274274.400  273635.410  273184.375  272921.097  272842.060  272940.631  273207.314  273630.037  274194.486  274884.461  275682.254  276569.038  277525.259  278531.031  279566.506  280612.244  281649.544  282660.751  283629.533  284541.117  285382.478  286142.502  286812.086  287384.212  287853.967  288218.526  288477.099  288630.841  288682.726  288637.396  288500.991  288280.952  287985.817  287624.999  287208.569  286747.032  286251.110  285731.531  285198.831  284663.175  284134.184  283620.797  283131.140  282672.428  282250.886  281871.692  281538.949  281255.668  281023.786  280844.193  280716.781  280640.510  280613.482  280633.034  280695.831  280797.976  280935.110  
281154.634  281190.524  281271.585  281399.388  281574.804  281797.940  282068.089  282383.689  282742.294  283140.563  283574.257  284038.261  284526.619  285032.581  285548.679  286066.812  286578.347  287074.247  287545.196  287981.758  288374.529  288714.307  288992.269  289200.150  289330.418  289376.452  289332.713  289194.900  288960.098  288626.910  288195.557  287667.974  287047.861  286340.714  285553.829  284696.261  283778.761  282813.671  281814.791  280797.207  279777.087  278771.456  277797.931  276874.440  276018.924  275249.014  274581.712  274033.053  273617.782  273349.034  273238.022  273293.757  273522.789  273928.981  274513.321  275273.780  276205.220  277299.346  278544.725  279926.849  281428.271  283028.786  284705.674  286434.006  288186.987  289936.358  291652.834  293306.580  294867.713  296306.827  297595.521  298706.938  299616.288  300301.359  300742.991  300925.521  300837.172  300470.395  299822.135  298894.035  297692.556  296229.020  294519.564  292585.003  290450.614  288145.826  285703.828  283161.102  280556.882  277932.544  275330.946  272795.722  270370.544  268098.362  266020.634  264176.572  262602.399  261330.646  260389.498  259802.200  259586.536  259754.396  260311.435  261256.840  262583.202  264276.505  266316.233  268675.592  271321.855  274216.808  277317.313  280575.965  283941.832  287361.285  290778.872  294138.255  297383.171  300458.408  303310.779  305890.079  308149.992  310048.957  311550.951  312626.188  313251.722  313411.923  313098.846  312312.454  311060.712  309359.534  307232.595  304710.996  301832.797  298642.426  295189.960  291530.310  287722.304  283827.698  279910.129  276034.019  272263.469  268661.140  265287.164  262198.082  259445.850  257076.920  255131.406  253642.373  252635.240  252127.316  252127.485  252636.036  253644.646  255136.518  257086.667  259462.355  262223.659  265324.177  268711.833  272329.803  276117.501  280011.653  283947.397  287859.422  291683.108  295355.641  298817.109  302011.523  304887.777  307400.508  309510.853  311187.082  312405.102  313148.821  313410.364  313190.144  312496.780  311346.873  309764.637  307781.400  305434.983  302768.962  299831.846  296676.166  293357.505  289933.489  286462.742  283003.852  279614.340  276349.663  273262.274  270400.742  267808.962  265525.456  263582.785  262007.073  260817.666  260026.902  259640.029  259655.243  260063.851  260850.564  261993.897  263466.676  265236.637  267267.105  269517.740  271945.335  274504.643  277149.230  279832.326  282507.663  285130.283  287657.310  290048.655  292267.657  294281.652  296062.441  297586.676  298836.142  299797.936  300464.548  300833.839  300908.920  300697.940  300213.786  299473.710  298498.876  297313.864  295946.114  294425.339  292782.921  291051.282  289263.275  287451.567  285648.066  283883.368  282186.250  280583.221  279098.127  277751.813  276561.866  275542.420  274704.032  274053.632  273594.543  273326.562  273246.112  273346.443  273617.886  274048.156  274622.682  275324.976  276137.013  277039.630  278012.926  279036.656  280090.621  281155.033  282210.855  283240.119  284226.201  285154.063  286010.450  286784.046  287465.588  288047.932  288526.076  288897.146  289160.338  289316.826  289369.638  289323.499  289184.659  288960.691  288660.286  288293.025  287869.158  287399.379  286894.600  286365.741  285823.528  285278.305  284739.867  284217.310  283718.908  283252.003  282822.931  282436.965  282098.278  281809.937  281573.913  281391.112  281261.424  281183.790  281156.279  281176.180  281240.099  281344.067  281483.651  
